Date,Market_Closing_Price,Market_Return
2019-01-02,2510.03,
2019-01-03,2447.89,-0.02475667621502542
2019-01-04,2531.94,0.0343356931888279
2019-01-07,2549.69,0.00701043468644591
2019-01-08,2574.41,0.009695296290921585
2019-01-09,2584.96,0.0040980263439003295
2019-01-10,2596.64,0.004518445159692908
2019-01-11,2596.26,-0.00014634296629478794
2019-01-14,2582.61,-0.005257562801876614
2019-01-15,2610.3,0.010721711756711327
2019-01-16,2616.1,0.002221966823736654
2019-01-17,2635.96,0.007591452926111408
2019-01-18,2670.71,0.013183052853609212
2019-01-22,2632.9,-0.014157284018107563
2019-01-23,2638.7,0.0022028941471379238
2019-01-24,2642.33,0.001375677416909804
2019-01-25,2664.76,0.0084887201825663
2019-01-28,2643.85,-0.0078468605052614
2019-01-29,2640.0,-0.001456209694195909
2019-01-30,2681.05,0.015549242424242493
2019-01-31,2704.1,0.008597377892989533
2019-02-01,2706.53,0.000898635405495396
2019-02-04,2724.87,0.006776204217207926
2019-02-05,2737.7,0.004708481505539597
2019-02-06,2731.61,-0.002224495014062744
2019-02-07,2706.05,-0.009357119061652264
2019-02-08,2707.88,0.0006762624489569102
2019-02-11,2709.8,0.0007090417596054
2019-02-12,2744.73,0.012890250202966858
2019-02-13,2753.03,0.003023976857468691
2019-02-14,2745.73,-0.0026516238471793185
2019-02-15,2775.6,0.010878709851296353
2019-02-19,2779.76,0.0014987750396311394
2019-02-20,2784.7,0.0017771318387196366
2019-02-21,2774.88,-0.003526412180845262
2019-02-22,2792.67,0.006411088047050706
2019-02-25,2796.11,0.0012317960947767492
2019-02-26,2793.9,-0.0007903837831845228
2019-02-27,2792.38,-0.0005440423780378456
2019-02-28,2784.49,-0.0028255466662847617
2019-03-01,2803.69,0.0068953381050032014
2019-03-04,2792.81,-0.0038806002090102654
2019-03-05,2789.65,-0.0011314768996100177
2019-03-06,2771.45,-0.0065241159285216455
2019-03-07,2748.93,-0.008125710368218741
2019-03-08,2743.07,-0.0021317385309919112
2019-03-11,2783.3,0.014666049353461608
2019-03-12,2791.52,0.0029533287823806376
2019-03-13,2810.92,0.006949618845646821
2019-03-14,2808.48,-0.0008680432029370966
2019-03-15,2822.48,0.004984902865607044
2019-03-18,2832.94,0.0037059607153993035
2019-03-19,2832.57,-0.0001306063665308388
2019-03-20,2824.23,-0.0029443226469249018
2019-03-21,2854.88,0.010852515552911779
2019-03-22,2800.71,-0.018974527826038257
2019-03-25,2798.36,-0.0008390729493592541
2019-03-26,2818.46,0.007182778484540853
2019-03-27,2805.37,-0.004644380264399728
2019-03-28,2815.44,0.0035895443381801506
2019-03-29,2834.4,0.006734293751598397
2019-04-01,2867.19,0.01156858594411525
2019-04-02,2867.24,1.7438676892522764e-05
2019-04-03,2873.4,0.0021484075277968806
2019-04-04,2879.39,0.0020846384074615365
2019-04-05,2892.74,0.004636398681665099
2019-04-08,2895.77,0.0010474498226595852
2019-04-09,2878.2,-0.0060674708281390766
2019-04-10,2888.21,0.0034778681120144483
2019-04-11,2888.32,3.808587325715429e-05
2019-04-12,2907.41,0.006609378462220095
2019-04-15,2905.58,-0.0006294261903205811
2019-04-16,2907.06,0.000509364739569973
2019-04-17,2900.45,-0.002273774879087531
2019-04-18,2905.03,0.0015790653174507785
2019-04-22,2907.97,0.001012037741434657
2019-04-23,2933.68,0.008841219132246891
2019-04-24,2927.25,-0.0021917864252406494
2019-04-25,2926.17,-0.00036894696387390624
2019-04-26,2939.88,0.004685305365033532
2019-04-29,2943.03,0.0010714723049920494
2019-04-30,2945.83,0.0009514004274504551
2019-05-01,2923.73,-0.007502130129708795
2019-05-02,2917.52,-0.0021239991380873624
2019-05-03,2945.64,0.00963832295922562
2019-05-06,2932.47,-0.004471014787957861
2019-05-07,2884.05,-0.016511677868827124
2019-05-08,2879.42,-0.0016053813214057522
2019-05-09,2870.72,-0.0030214418181440106
2019-05-10,2881.4,0.0037203210344445292
2019-05-13,2811.87,-0.024130630943291487
2019-05-14,2834.41,0.008016017810211773
2019-05-15,2850.96,0.00583895766667486
2019-05-16,2876.32,0.008895249319527565
2019-05-17,2859.53,-0.005837319908772343
2019-05-20,2840.23,-0.006749360908960611
2019-05-21,2864.36,0.008495790833841
2019-05-22,2856.27,-0.002824365652362215
2019-05-23,2822.24,-0.011914139769699683
2019-05-24,2826.06,0.001353534780883292
2019-05-28,2802.39,-0.008375618352052028
2019-05-29,2783.02,-0.0069119572935958384
2019-05-30,2788.86,0.0020984398243635294
2019-05-31,2752.06,-0.013195355808466647
2019-06-03,2744.45,-0.0027652013400870645
2019-06-04,2803.27,0.021432345278653342
2019-06-05,2826.15,0.008161896642135735
2019-06-06,2843.49,0.006135555437609463
2019-06-07,2873.34,0.010497663083042452
2019-06-10,2886.73,0.0046600819951694294
2019-06-11,2885.72,-0.00034987685027698667
2019-06-12,2879.84,-0.002037619727485618
2019-06-13,2891.64,0.004097449858325275
2019-06-14,2886.98,-0.0016115422390061696
2019-06-17,2889.67,0.0009317695307899942
2019-06-18,2917.75,0.009717372571954597
2019-06-19,2926.46,0.002985176934281464
2019-06-20,2954.18,0.009472195075278522
2019-06-21,2950.46,-0.0012592326804730103
2019-06-24,2945.35,-0.001731933325650914
2019-06-25,2917.38,-0.009496324715228988
2019-06-26,2913.78,-0.0012339839170762978
2019-06-27,2924.92,0.003823212459416858
2019-06-28,2941.76,0.005757422425228809
2019-07-01,2964.33,0.007672277820080398
2019-07-02,2973.01,0.0029281490252435205
2019-07-03,2995.82,0.007672358989710748
2019-07-05,2990.41,-0.0018058494836139527
2019-07-08,2975.95,-0.004835457345313876
2019-07-09,2979.63,0.0012365799156572876
2019-07-10,2993.07,0.004510627158405667
2019-07-11,2999.91,0.002285278994477169
2019-07-12,3013.77,0.004620138604158219
2019-07-15,3014.3,0.00017585947169163063
2019-07-16,3004.04,-0.0034037753375577573
2019-07-17,2984.42,-0.006531204644412147
2019-07-18,2995.11,0.0035819355184592006
2019-07-19,2976.61,-0.0061767347442999165
2019-07-22,2985.03,0.0028287212634507952
2019-07-23,3005.47,0.006847502370160408
2019-07-24,3019.56,0.00468811866363672
2019-07-25,3003.67,-0.00526235610486292
2019-07-26,3025.86,0.007387629133693174
2019-07-29,3020.97,-0.00161606948107329
2019-07-30,3013.18,-0.002578641959370631
2019-07-31,2980.38,-0.010885509660889747
2019-08-01,2953.56,-0.008998852495319398
2019-08-02,2932.05,-0.0072827367651240316
2019-08-05,2844.74,-0.02977780051499812
2019-08-06,2881.77,0.013017006826634425
2019-08-07,2883.98,0.0007668897934256513
2019-08-08,2938.09,0.01876226603513209
2019-08-09,2918.65,-0.006616543400644659
2019-08-12,2882.7,-0.0123173384955374
2019-08-13,2926.32,0.015131647413882954
2019-08-14,2840.6,-0.02929276360753441
2019-08-15,2847.6,0.002464268112370549
2019-08-16,2888.68,0.014426183452732166
2019-08-19,2923.65,0.012105875347909967
2019-08-20,2900.51,-0.007914764079147596
2019-08-21,2924.43,0.008246825558263726
2019-08-22,2922.95,-0.0005060815269983809
2019-08-23,2847.11,-0.025946389777450785
2019-08-26,2878.38,0.010983067039910699
2019-08-27,2869.16,-0.0032031906836484936
2019-08-28,2887.94,0.006545469754213773
2019-08-29,2924.58,0.012687244194824032
2019-08-30,2926.46,0.0006428273461489553
2019-09-03,2906.27,-0.006899120439028739
2019-09-04,2937.78,0.010842075925499017
2019-09-05,2976.0,0.013009823744460025
2019-09-06,2978.71,0.0009106182795699524
2019-09-09,2978.43,-9.400042300200528e-05
2019-09-10,2979.39,0.00032231746255573235
2019-09-11,3000.93,0.0072296678179091245
2019-09-12,3009.57,0.0028791074766822966
2019-09-13,3007.39,-0.0007243559711188619
2019-09-16,2997.96,-0.0031356092824674775
2019-09-17,3005.7,0.002581755593803692
2019-09-18,3006.73,0.0003426822370828919
2019-09-19,3006.79,1.9955233758972568e-05
2019-09-20,2992.07,-0.004895586322955614
2019-09-23,2991.78,-9.69228661094057e-05
2019-09-24,2966.6,-0.00841639425358831
2019-09-25,2984.87,0.006158565361019441
2019-09-26,2977.62,-0.0024289165022262083
2019-09-27,2961.79,-0.005316326462073695
2019-09-30,2976.74,0.005047623227845355
2019-10-01,2940.25,-0.012258376613342059
2019-10-02,2887.61,-0.01790323952044892
2019-10-03,2910.63,0.007971990677411389
2019-10-04,2952.01,0.014216853396000317
2019-10-07,2938.79,-0.004478304612789308
2019-10-08,2893.06,-0.015560826054260457
2019-10-09,2919.4,0.009104546742895181
2019-10-10,2938.13,0.00641570185654583
2019-10-11,2970.27,0.010938930544257763
2019-10-14,2966.15,-0.001387079289088211
2019-10-15,2995.68,0.009955666436289423
2019-10-16,2989.69,-0.0019995460129251796
2019-10-17,2997.95,0.002762828253096483
2019-10-18,2986.2,-0.003919344885671916
2019-10-21,3006.72,0.006871609403255041
2019-10-22,2995.99,-0.0035686728395061262
2019-10-23,3004.52,0.002847139009142241
2019-10-24,3010.29,0.001920439870594981
2019-10-25,3022.55,0.004072697314876805
2019-10-28,3039.42,0.00558137996062924
2019-10-29,3036.89,-0.0008323956544341593
2019-10-30,3046.77,0.0032533282404039188
2019-10-31,3037.56,-0.0030228734036372717
2019-11-01,3066.91,0.009662360578885698
2019-11-04,3078.27,0.00370405391746087
2019-11-05,3074.62,-0.001185730946278274
2019-11-06,3076.78,0.0007025258405917167
2019-11-07,3085.18,0.0027301269509030224
2019-11-08,3093.08,0.002560628553277322
2019-11-11,3087.01,-0.001962445200253349
2019-11-12,3091.84,0.001564620781921544
2019-11-13,3094.04,0.0007115504036430131
2019-11-14,3096.63,0.0008370932502488326
2019-11-15,3120.46,0.007695462486638771
2019-11-18,3122.03,0.0005031309486422941
2019-11-19,3120.18,-0.000592563172038818
2019-11-20,3108.46,-0.0037561935529359936
2019-11-21,3103.54,-0.0015827773238195064
2019-11-22,3110.29,0.0021749357185665286
2019-11-25,3133.64,0.007507338543994324
2019-11-26,3140.52,0.0021955297992111156
2019-11-27,3153.63,0.00417446792250975
2019-11-29,3140.98,-0.004011250527170329
2019-12-02,3113.87,-0.008631064190157245
2019-12-03,3093.2,-0.006638042050567283
2019-12-04,3112.76,0.006323548428811776
2019-12-05,3117.43,0.001500276282141666
2019-12-06,3145.91,0.009135730393304842
2019-12-09,3135.96,-0.00316283682622831
2019-12-10,3132.52,-0.0010969527672547441
2019-12-11,3141.63,0.0029082017034209873
2019-12-12,3168.57,0.008575166394515055
2019-12-13,3168.8,7.258794976916505e-05
2019-12-16,3191.45,0.007147816208028068
2019-12-17,3192.52,0.00033527080167328194
2019-12-18,3191.14,-0.000432260408705365
2019-12-19,3205.37,0.004459221469443442
2019-12-20,3221.22,0.0049448269622538454
2019-12-23,3224.01,0.0008661314657181229
2019-12-24,3223.38,-0.0001954088231737039
2019-12-26,3239.91,0.005128157399996169
2019-12-27,3240.02,3.395156038288327e-05
2019-12-30,3221.29,-0.005780828513404224
2019-12-31,3230.78,0.002946024729223451
2020-01-02,3257.85,0.008378781594537532
2020-01-03,3234.85,-0.007059870773669763
2020-01-06,3246.28,0.0035333941295578875
2020-01-07,3237.18,-0.0028032085956850583
2020-01-08,3253.05,0.0049024150649641385
2020-01-09,3274.7,0.006655292725288531
2020-01-10,3265.35,-0.0028552233792408233
2020-01-13,3288.13,0.006976281256220629
2020-01-14,3283.15,-0.0015145386587512855
2020-01-15,3289.29,0.001870155186330269
2020-01-16,3316.81,0.00836654718799501
2020-01-17,3329.62,0.003862144651035182
2020-01-21,3320.79,-0.002651954277064661
2020-01-22,3321.75,0.0002890878375325645
2020-01-23,3325.54,0.0011409648528637462
2020-01-24,3295.47,-0.009042140524546438
2020-01-27,3243.63,-0.015730684849202037
2020-01-28,3276.24,0.010053551114029613
2020-01-29,3273.4,-0.0008668473616095795
2020-01-30,3283.66,0.003134355715769477
2020-01-31,3225.52,-0.017705852615678808
2020-02-03,3248.92,0.0072546442124061805
2020-02-04,3297.59,0.014980362705145023
2020-02-05,3334.69,0.011250640619361318
2020-02-06,3345.78,0.0033256464618900416
2020-02-07,3327.71,-0.005400833288500828
2020-02-10,3352.09,0.007326359568592178
2020-02-11,3357.75,0.0016884988171557147
2020-02-12,3379.45,0.0064626610081155444
2020-02-13,3373.94,-0.0016304428235363044
2020-02-14,3380.16,0.0018435419717006685
2020-02-18,3370.29,-0.0029199801192842934
2020-02-19,3386.15,0.004705826501577137
2020-02-20,3373.23,-0.0038155427255142094
2020-02-21,3337.75,-0.010518108756295885
2020-02-24,3225.89,-0.0335135944873044
2020-02-25,3128.21,-0.030280015747592093
2020-02-26,3116.39,-0.003778518705585654
2020-02-27,2978.76,-0.044163278665378725
2020-02-28,2954.22,-0.008238327357692588
2020-03-02,3090.23,0.04603922524388837
2020-03-03,3003.37,-0.028107940185681968
2020-03-04,3130.12,0.042202592421180185
2020-03-05,3023.94,-0.03392202215889484
2020-03-06,2972.37,-0.017053909799797706
2020-03-09,2746.56,-0.07596968075979771
2020-03-10,2882.23,0.04939633578003022
2020-03-11,2741.38,-0.048868410917935035
2020-03-12,2480.64,-0.09511268047479748
2020-03-13,2711.02,0.0928711945304439
2020-03-16,2386.13,-0.11984050283657066
2020-03-17,2529.19,0.05995482224354909
2020-03-18,2398.1,-0.05183082330706679
2020-03-19,2409.39,0.004707893749218206
2020-03-20,2304.92,-0.043359522534749395
2020-03-23,2237.4,-0.02929385835517062
2020-03-24,2447.33,0.09382765710199337
2020-03-25,2475.56,0.011535019797084933
2020-03-26,2630.07,0.06241416083633622
2020-03-27,2541.47,-0.0336873163071707
2020-03-30,2626.65,0.03351603599491648
2020-03-31,2584.59,-0.0160127919593398
2020-04-01,2470.5,-0.04414239782712159
2020-04-02,2526.9,0.022829386763812964
2020-04-03,2488.65,-0.015137124539950086
2020-04-06,2663.68,0.07033130412070787
2020-04-07,2659.41,-0.0016030454108602044
2020-04-08,2749.98,0.03405642604938697
2020-04-09,2789.82,0.01448737809002254
2020-04-13,2761.63,-0.010104594561656355
2020-04-14,2846.06,0.030572524197665762
2020-04-15,2783.36,-0.022030456139364496
2020-04-16,2799.55,0.005816710738100639
2020-04-17,2874.56,0.026793591827257934
2020-04-20,2823.16,-0.017880997439608137
2020-04-21,2736.56,-0.030674846625766805
2020-04-22,2799.31,0.02293024819481393
2020-04-23,2797.8,-0.000539418642451106
2020-04-24,2836.74,0.01391807849024218
2020-04-27,2878.48,0.014714073196697708
2020-04-28,2863.39,-0.005242350129234907
2020-04-29,2939.51,0.026583874358714787
2020-04-30,2912.43,-0.009212419757034462
2020-05-01,2830.71,-0.028059043479156554
2020-05-04,2842.74,0.004249817183674676
2020-05-05,2868.44,0.009040573531170715
2020-05-06,2848.42,-0.006979403438802989
2020-05-07,2881.19,0.011504623615899323
2020-05-08,2929.8,0.016871501011734846
2020-05-11,2930.19,0.0001331148883882971
2020-05-12,2870.12,-0.020500377108651713
2020-05-13,2820.0,-0.017462684487059787
2020-05-14,2852.5,0.01152482269503552
2020-05-15,2863.7,0.003926380368098004
2020-05-18,2953.91,0.03150120473513285
2020-05-19,2922.94,-0.010484408800538914
2020-05-20,2971.61,0.01665104312780974
2020-05-21,2948.51,-0.007773563825670182
2020-05-22,2955.45,0.002353731206609311
2020-05-26,2991.77,0.012289160703107926
2020-05-27,3036.13,0.014827343010993532
2020-05-28,3029.73,-0.0021079466294262605
2020-05-29,3044.31,0.004812310007822562
2020-06-01,3055.73,0.0037512605483673855
2020-06-02,3080.82,0.00821080396500995
2020-06-03,3122.87,0.013648963587616247
2020-06-04,3112.35,-0.0033686961032639573
2020-06-05,3193.93,0.02621170498176606
2020-06-08,3232.39,0.012041591393674889
2020-06-09,3207.18,-0.007799182648133396
2020-06-10,3190.14,-0.0053130787794885
2020-06-11,3002.1,-0.058944121574601716
2020-06-12,3041.31,0.013060857399820103
2020-06-15,3066.59,0.008312207568449193
2020-06-16,3124.74,0.018962430582503575
2020-06-17,3113.49,-0.0036002995449221364
2020-06-18,3115.34,0.000594188515139038
2020-06-19,3097.74,-0.005649463621948292
2020-06-22,3117.86,0.006495057687217143
2020-06-23,3131.29,0.004307441642665166
2020-06-24,3050.33,-0.025855158736495243
2020-06-25,3083.76,0.01095946995898811
2020-06-26,3009.05,-0.024226917788673585
2020-06-29,3053.24,0.01468569814393228
2020-06-30,3100.29,0.015409859690034278
2020-07-01,3115.86,0.005022110834792981
2020-07-02,3130.01,0.004541282342595654
2020-07-06,3179.72,0.0158817383970018
2020-07-07,3145.32,-0.010818562640735552
2020-07-08,3169.94,0.007827502448081614
2020-07-09,3152.05,-0.005643639942711776
2020-07-10,3185.04,0.01046620453355751
2020-07-13,3155.22,-0.009362519779971379
2020-07-14,3197.52,0.013406355182839835
2020-07-15,3226.56,0.00908203857989931
2020-07-16,3215.57,-0.0034061043340275488
2020-07-17,3224.73,0.00284863958800452
2020-07-20,3251.84,0.008406905384326757
2020-07-21,3257.3,0.0016790493997245193
2020-07-22,3276.02,0.005747091149111094
2020-07-23,3235.66,-0.012319827107282633
2020-07-24,3215.63,-0.0061903908321639944
2020-07-27,3239.41,0.007395129414764723
2020-07-28,3218.44,-0.006473401020556158
2020-07-29,3258.44,0.012428381451883519
2020-07-30,3246.22,-0.0037502608610255894
2020-07-31,3271.12,0.007670459796317086
2020-08-03,3294.61,0.007181026681992719
2020-08-04,3306.51,0.0036119601409574376
2020-08-05,3327.77,0.0064297401187354275
2020-08-06,3349.16,0.006427727877827971
2020-08-07,3351.28,0.0006329945419150107
2020-08-10,3360.47,0.0027422358024395965
2020-08-11,3333.69,-0.007969123366671882
2020-08-12,3380.35,0.013996502374245878
2020-08-13,3373.43,-0.0020471252976762555
2020-08-14,3372.85,-0.00017193183199293305
2020-08-17,3381.99,0.0027098744385312123
2020-08-18,3389.78,0.0023033775972136628
2020-08-19,3374.85,-0.004404415625792857
2020-08-20,3385.51,0.0031586589033587575
2020-08-21,3397.16,0.0034411358997610275
2020-08-24,3431.28,0.01004368354743379
2020-08-25,3443.62,0.003596325569466652
2020-08-26,3478.73,0.010195666188487662
2020-08-27,3484.55,0.0016730243508407128
2020-08-28,3508.01,0.006732576659826961
2020-08-31,3500.31,-0.0021949766391772263
2020-09-01,3526.65,0.00752504778148233
2020-09-02,3580.84,0.015365857116526938
2020-09-03,3455.06,-0.03512583639592948
2020-09-04,3426.96,-0.008132999137496877
2020-09-08,3331.84,-0.027756378831384043
2020-09-09,3398.96,0.020145024971186976
2020-09-10,3339.19,-0.017584790641843373
2020-09-11,3340.97,0.0005330634075928486
2020-09-14,3383.54,0.01274180851668838
2020-09-15,3401.2,0.005219385613883576
2020-09-16,3385.49,-0.004618958014818264
2020-09-17,3357.01,-0.00841237162124231
2020-09-18,3319.47,-0.01118257020384228
2020-09-21,3281.06,-0.011571124305988612
2020-09-22,3315.57,0.010517942372282096
2020-09-23,3236.92,-0.02372141140135786
2020-09-24,3246.59,0.002987407782707008
2020-09-25,3298.46,0.015976763311659203
2020-09-28,3351.6,0.016110548559024496
2020-09-29,3335.47,-0.004812626805108078
2020-09-30,3363.0,0.008253709372292528
2020-10-01,3380.8,0.005292893250074426
2020-10-02,3348.42,-0.009577614765735931
2020-10-05,3408.6,0.017972655760030154
2020-10-06,3360.97,-0.01397347884762079
2020-10-07,3419.44,0.017396763434365692
2020-10-08,3446.83,0.008010083522448141
2020-10-09,3477.14,0.008793587151092463
2020-10-12,3534.22,0.016415789988323715
2020-10-13,3511.93,-0.006306907889152336
2020-10-14,3488.67,-0.006623138843883547
2020-10-15,3483.34,-0.0015278028589691406
2020-10-16,3483.81,0.00013492797142955482
2020-10-19,3426.92,-0.016329822808936134
2020-10-20,3443.12,0.0047272769717412455
2020-10-21,3435.56,-0.002195682985199454
2020-10-22,3453.49,0.005218945382994278
2020-10-23,3465.39,0.0034457896215134287
2020-10-26,3400.97,-0.01858953826264864
2020-10-27,3390.68,-0.0030256074002417144
2020-10-28,3271.03,-0.03528790685054317
2020-10-29,3310.11,0.011947307117329942
2020-10-30,3269.96,-0.012129506270184387
2020-11-02,3310.24,0.01231819349472163
2020-11-03,3369.16,0.017799313644932147
2020-11-04,3443.44,0.022047038430944355
2020-11-05,3510.45,0.019460190971818836
2020-11-06,3509.44,-0.00028771240154390476
2020-11-09,3550.5,0.011699872344305584
2020-11-10,3545.53,-0.001399802844669673
2020-11-11,3572.66,0.007651888434169196
2020-11-12,3537.01,-0.009978559392721298
2020-11-13,3585.15,0.013610365817456005
2020-11-16,3626.91,0.011648048198820149
2020-11-17,3609.53,-0.004791957892531062
2020-11-18,3567.79,-0.01156383241031389
2020-11-19,3581.87,0.003946420613320845
2020-11-20,3557.54,-0.0067925413261787915
2020-11-23,3577.59,0.00563591695385024
2020-11-24,3635.41,0.016161717804443754
2020-11-25,3629.65,-0.0015844155129681736
2020-11-27,3638.35,0.0023969253233782073
2020-11-30,3621.63,-0.0045954897137437944
2020-12-01,3662.45,0.011271167954760575
2020-12-02,3669.01,0.0017911507324332998
2020-12-03,3666.72,-0.0006241465681479097
2020-12-04,3699.12,0.008836235109307422
2020-12-07,3691.96,-0.0019355954929820562
2020-12-08,3702.25,0.002787137455443789
2020-12-09,3672.82,-0.007949220068876994
2020-12-10,3668.1,-0.0012851160688518437
2020-12-11,3663.46,-0.001264960061067022
2020-12-14,3647.49,-0.004359266922526861
2020-12-15,3694.62,0.012921214314501217
2020-12-16,3701.17,0.0017728480872187813
2020-12-17,3722.48,0.005757638800703457
2020-12-18,3709.41,-0.0035111001267972286
2020-12-21,3694.92,-0.003906281591951277
2020-12-22,3687.26,-0.0020731166033364223
2020-12-23,3690.01,0.0007458112528002658
2020-12-24,3703.06,0.0035365757816374632
2020-12-28,3735.36,0.008722515973276224
2020-12-29,3727.04,-0.0022273622890431888
2020-12-30,3732.04,0.0013415471795312772
2020-12-31,3756.07,0.00643883774021714
2021-01-04,3700.65,-0.01475478359029514
2021-01-05,3726.86,0.007082539553862066
2021-01-06,3748.14,0.005709900559720538
2021-01-07,3803.79,0.01484736429268918
2021-01-08,3824.68,0.005491890982414871
2021-01-11,3799.61,-0.006554796741165214
2021-01-12,3801.19,0.0004158321511944507
2021-01-13,3809.84,0.0022756031663768717
2021-01-14,3795.54,-0.003753438464607517
2021-01-15,3768.25,-0.00719001775768402
2021-01-19,3798.91,0.008136402839514334
2021-01-20,3851.85,0.013935576257400273
2021-01-21,3853.07,0.0003167309215053038
2021-01-22,3841.47,-0.0030105863636010755
2021-01-25,3855.36,0.003615803325289546
2021-01-26,3849.62,-0.0014888363213811928
2021-01-27,3750.77,-0.025677859113367063
2021-01-28,3787.38,0.009760662477304782
2021-01-29,3714.24,-0.019311502938707092
2021-02-01,3773.86,0.01605173602136656
2021-02-02,3826.31,0.013898236818535858
2021-02-03,3830.17,0.001008804827627774
2021-02-04,3871.74,0.01085330416143404
2021-02-05,3886.83,0.003897472454245321
2021-02-08,3915.59,0.007399345996609075
2021-02-09,3911.23,-0.0011134975827398197
2021-02-10,3909.88,-0.0003451599624669788
2021-02-11,3916.38,0.0016624551137118804
2021-02-12,3934.83,0.004710983101741784
2021-02-16,3932.59,-0.0005692749114954987
2021-02-17,3931.33,-0.0003203995331321208
2021-02-18,3913.97,-0.004415808390544673
2021-02-19,3906.71,-0.0018548941356217874
2021-02-22,3876.5,-0.007732849379657014
2021-02-23,3881.37,0.0012562878885591378
2021-02-24,3925.43,0.01135166191319037
2021-02-25,3829.34,-0.024478846903396523
2021-02-26,3811.15,-0.004750165824920272
2021-03-01,3901.82,0.023790719336683086
2021-03-02,3870.29,-0.008080844323930969
2021-03-03,3819.72,-0.01306620434127681
2021-03-04,3768.47,-0.013417213827191521
2021-03-05,3841.94,0.019495975820425837
2021-03-08,3821.35,-0.005359271617984662
2021-03-09,3875.44,0.014154683554241432
2021-03-10,3898.81,0.006030283013025661
2021-03-11,3939.34,0.010395479646353678
2021-03-12,3943.34,0.0010153985185334946
2021-03-15,3968.94,0.006491958593476621
2021-03-16,3962.71,-0.0015696886322292825
2021-03-17,3974.12,0.0028793426720601367
2021-03-18,3915.46,-0.014760500437832724
2021-03-19,3913.1,-0.0006027388863633076
2021-03-22,3940.59,0.0070251207482558975
2021-03-23,3910.52,-0.0076308370066411335
2021-03-24,3889.14,-0.005467303581109473
2021-03-25,3909.52,0.00524023305923671
2021-03-26,3974.54,0.016631197691788335
2021-03-29,3971.09,-0.0008680249789911887
2021-03-30,3958.55,-0.003157823166939022
2021-03-31,3972.89,0.003622538555784205
2021-04-01,4019.87,0.011825144919693331
2021-04-05,4077.91,0.014438277854756487
2021-04-06,4073.94,-0.0009735379152555623
2021-04-07,4079.95,0.0014752303666720756
2021-04-08,4097.17,0.004220639958823158
2021-04-09,4128.8,0.007719962803593772
2021-04-12,4127.99,-0.000196182910288778
2021-04-13,4141.59,0.00329458162447116
2021-04-14,4124.66,-0.0040878020277237415
2021-04-15,4170.42,0.011094247768300924
2021-04-16,4185.47,0.0036087492386858155
2021-04-19,4163.26,-0.005306453038726788
2021-04-20,4134.94,-0.006802361610853236
2021-04-21,4173.42,0.009306060063749566
2021-04-22,4134.98,-0.009210671343885979
2021-04-23,4180.17,0.010928710658818286
2021-04-26,4187.62,0.001782224167916624
2021-04-27,4186.72,-0.0002149192142553158
2021-04-28,4183.18,-0.0008455306301830001
2021-04-29,4211.47,0.006762797680233579
2021-04-30,4181.17,-0.007194637501869883
2021-05-03,4192.66,0.0027480346410215795
2021-05-04,4164.66,-0.006678337857112138
2021-05-05,4167.59,0.0007035388242977447
2021-05-06,4201.62,0.008165390549454088
2021-05-07,4232.6,0.007373346471123199
2021-05-10,4188.43,-0.010435666020885526
2021-05-11,4152.1,-0.008673894514173552
2021-05-12,4063.04,-0.021449387057151936
2021-05-13,4112.5,0.012173151138064053
2021-05-14,4173.85,0.014917933130699224
2021-05-17,4163.29,-0.0025300382141189015
2021-05-18,4127.83,-0.008517302421882755
2021-05-19,4115.68,-0.0029434351705374118
2021-05-20,4159.12,0.010554756443649449
2021-05-21,4155.86,-0.0007838196541576359
2021-05-24,4197.05,0.009911305963146155
2021-05-25,4188.13,-0.002125302295660103
2021-05-26,4195.99,0.001876732575158746
2021-05-27,4200.88,0.0011653983922745859
2021-05-28,4204.11,0.0007688865190149663
2021-06-01,4202.04,-0.0004923753184382651
2021-06-02,4208.12,0.0014469162597214869
2021-06-03,4192.85,-0.003628698801364849
2021-06-04,4229.89,0.00883408659980689
2021-06-07,4226.52,-0.0007967110255822085
2021-06-08,4227.26,0.00017508493985585183
2021-06-09,4219.55,-0.0018238764589828538
2021-06-10,4239.18,0.004652154850635748
2021-06-11,4247.44,0.0019484900381676606
2021-06-14,4255.15,0.0018152110447704484
2021-06-15,4246.59,-0.0020116799642784233
2021-06-16,4223.7,-0.005390207201542929
2021-06-17,4221.86,-0.0004356370007340127
2021-06-18,4166.45,-0.013124547000611053
2021-06-21,4224.79,0.01400232812106239
2021-06-22,4246.44,0.005124515064653945
2021-06-23,4241.84,-0.0010832603310065858
2021-06-24,4266.49,0.005811157422250579
2021-06-25,4280.7,0.003330606657931945
2021-06-28,4290.61,0.0023150419323942906
2021-06-29,4291.8,0.00027734984069871516
2021-06-30,4297.5,0.001328114078009257
2021-07-01,4319.94,0.005221640488656032
2021-07-02,4352.34,0.0075001041681135305
2021-07-06,4343.54,-0.002021900862524517
2021-07-07,4358.13,0.003359011313352811
2021-07-08,4320.82,-0.00856101125941644
2021-07-09,4369.55,0.01127795187024705
2021-07-12,4384.63,0.0034511562975592103
2021-07-13,4369.21,-0.003516830382495284
2021-07-14,4374.3,0.0011649703264435818
2021-07-15,4360.03,-0.0032622362435132946
2021-07-16,4327.16,-0.007538938952254881
2021-07-19,4258.49,-0.015869531055010655
2021-07-20,4323.06,0.01516265155019747
2021-07-21,4358.69,0.008241847210077813
2021-07-22,4367.48,0.0020166609692362503
2021-07-23,4411.79,0.010145438559535647
2021-07-26,4422.3,0.002382253008416102
2021-07-27,4401.46,-0.004712479931257563
2021-07-28,4400.64,-0.00018630181803303003
2021-07-29,4419.15,0.004206206369982368
2021-07-30,4395.26,-0.005406016994218166
2021-08-02,4387.16,-0.0018428943907755624
2021-08-03,4423.15,0.008203484714484954
2021-08-04,4402.66,-0.00463244520307915
2021-08-05,4429.1,0.006005460335342772
2021-08-06,4436.52,0.0016752839177258672
2021-08-09,4432.35,-0.000939925887858073
2021-08-10,4436.75,0.000992701388653705
2021-08-11,4442.41,0.0012757085704626636
2021-08-12,4460.83,0.004146398013690877
2021-08-13,4468.0,0.0016073241975147479
2021-08-16,4479.71,0.0026208594449417255
2021-08-17,4448.08,-0.0070607249129965854
2021-08-18,4400.27,-0.010748457761550978
2021-08-19,4405.8,0.0012567410636163956
2021-08-20,4441.67,0.008141540696354754
2021-08-23,4479.53,0.008523820995256282
2021-08-24,4486.23,0.0014956926284677152
2021-08-25,4496.19,0.0022201269217136943
2021-08-26,4470.0,-0.005824931775569864
2021-08-27,4509.37,0.008807606263982137
2021-08-30,4528.79,0.00430658828173347
2021-08-31,4522.68,-0.001349146239944865
2021-09-01,4524.09,0.0003117620525883158
2021-09-02,4536.95,0.0028425606033477546
2021-09-03,4535.43,-0.000335026835208585
2021-09-07,4520.03,-0.003395488410139813
2021-09-08,4514.07,-0.0013185753191903293
2021-09-09,4493.28,-0.004605599824548556
2021-09-10,4458.58,-0.0077226435922087555
2021-09-13,4468.73,0.0022765095613401787
2021-09-14,4443.05,-0.00574659914561837
2021-09-15,4480.7,0.008473908688851006
2021-09-16,4473.75,-0.0015510969268194286
2021-09-17,4432.99,-0.009110924839340617
2021-09-20,4357.73,-0.016977254629493954
2021-09-21,4354.19,-0.0008123495489623656
2021-09-22,4395.64,0.009519566210937302
2021-09-23,4448.98,0.012134751708511082
2021-09-24,4455.48,0.0014610090402744635
2021-09-27,4443.11,-0.0027763563072890074
2021-09-28,4352.63,-0.020364114325326033
2021-09-29,4359.46,0.001569166228234442
2021-09-30,4307.54,-0.011909731939276913
2021-10-01,4357.04,0.011491477734391298
2021-10-04,4300.46,-0.012985880322420762
2021-10-05,4345.72,0.010524455523362564
2021-10-06,4363.55,0.004102887438675262
2021-10-07,4399.76,0.00829828923697451
2021-10-08,4391.34,-0.0019137407494954628
2021-10-11,4361.19,-0.0068657858421348195
2021-10-12,4350.65,-0.0024167715692277048
2021-10-13,4363.8,0.003022536862308023
2021-10-14,4438.26,0.01706311013337003
2021-10-15,4471.37,0.0074601307719690535
2021-10-18,4486.46,0.0033748045900920953
2021-10-19,4519.63,0.00739335690054066
2021-10-20,4536.19,0.0036640167447334893
2021-10-21,4549.78,0.002995906256131331
2021-10-22,4544.9,-0.0010725793335062406
2021-10-25,4566.48,0.004748179277871856
2021-10-26,4574.79,0.0018197824144636776
2021-10-27,4551.68,-0.005051597996847845
2021-10-28,4596.42,0.009829337739032606
2021-10-29,4605.38,0.0019493431844783693
2021-11-01,4613.67,0.0018000686154020507
2021-11-02,4630.65,0.0036803672564356127
2021-11-03,4660.57,0.00646129593037692
2021-11-04,4680.06,0.004181891914508462
2021-11-05,4697.53,0.0037328581257503046
2021-11-08,4701.7,0.0008877005575269603
2021-11-09,4685.25,-0.0034987345002870374
2021-11-10,4646.71,-0.008225815057894437
2021-11-11,4649.27,0.0005509274303756584
2021-11-12,4682.85,0.007222639253044116
2021-11-15,4682.8,-1.0677258507119092e-05
2021-11-16,4700.9,0.003865208849406221
2021-11-17,4688.67,-0.0026016294752068125
2021-11-18,4704.54,0.00338475516511072
2021-11-19,4697.96,-0.0013986489646171663
2021-11-22,4682.94,-0.0031971323723489764
2021-11-23,4690.7,0.0016570786727996278
2021-11-24,4701.46,0.002293900697124096
2021-11-26,4594.62,-0.02272485568312821
2021-11-29,4655.27,0.013200221128189193
2021-11-30,4567.0,-0.01896130621854386
2021-12-01,4513.04,-0.011815195971097037
2021-12-02,4577.1,0.014194423271231882
2021-12-03,4538.43,-0.00844858097922263
2021-12-06,4591.67,0.011730928977641941
2021-12-07,4686.75,0.020707063007576743
2021-12-08,4701.21,0.0030852936469836223
2021-12-09,4667.45,-0.007181129964413446
2021-12-10,4712.02,0.00954911139915815
2021-12-13,4668.97,-0.009136209099282255
2021-12-14,4634.09,-0.007470598440341258
2021-12-15,4709.85,0.016348409288555077
2021-12-16,4668.67,-0.00874337823922211
2021-12-17,4620.64,-0.010287726483131143
2021-12-20,4568.02,-0.011388032826621375
2021-12-21,4649.23,0.017777943178882483
2021-12-22,4696.56,0.010180180373954517
2021-12-23,4725.79,0.006223704157936716
2021-12-27,4791.19,0.01383895602639984
2021-12-28,4786.35,-0.0010101874482121298
2021-12-29,4793.06,0.0014019033292591576
2021-12-30,4778.73,-0.002989739331450192
2021-12-31,4766.18,-0.0026262207741385435
2022-01-03,4796.56,0.00637407735335227
2022-01-04,4793.54,-0.000629617892823231
2022-01-05,4700.58,-0.01939276609770646
2022-01-06,4696.05,-0.0009637108612128298
2022-01-07,4677.03,-0.0040502124125595396
2022-01-10,4670.29,-0.0014410854751839564
2022-01-11,4713.07,0.009160030747555226
2022-01-12,4726.35,0.002817696321081753
2022-01-13,4659.03,-0.014243549462058636
2022-01-14,4662.85,0.0008199131578892072
2022-01-18,4577.11,-0.0183878958147915
2022-01-19,4532.76,-0.009689520243122751
2022-01-20,4482.73,-0.01103742532143781
2022-01-21,4397.94,-0.01891481307149878
2022-01-24,4410.13,0.0027717522294530283
2022-01-25,4356.45,-0.012171976789799865
2022-01-26,4349.93,-0.0014966314315554285
2022-01-27,4326.51,-0.005383994684971971
2022-01-28,4431.85,0.024347568825681787
2022-01-31,4515.55,0.018886018254227865
2022-02-01,4546.54,0.006862951356977565
2022-02-02,4589.38,0.009422549895085064
2022-02-03,4477.44,-0.024391094221877574
2022-02-04,4500.53,0.005156964694110977
2022-02-07,4483.87,-0.003701786234065696
2022-02-08,4521.54,0.008401224834796661
2022-02-09,4587.18,0.014517177775713597
2022-02-10,4504.08,-0.018115705073705524
2022-02-11,4418.64,-0.0189694676826343
2022-02-14,4401.67,-0.0038405482229827426
2022-02-15,4471.07,0.015766743077059386
2022-02-16,4475.01,0.0008812208263346832
2022-02-17,4380.26,-0.021173137043269175
2022-02-18,4348.87,-0.007166241273349194
2022-02-22,4304.76,-0.010142864698185927
2022-02-23,4225.5,-0.018412176288573612
2022-02-24,4288.7,0.014956809844988816
2022-02-25,4384.65,0.022372746986266234
2022-02-28,4373.94,-0.002442612295166069
2022-03-01,4306.26,-0.015473463284818578
2022-03-02,4386.54,0.018642627244987553
2022-03-03,4363.49,-0.005254711002293466
2022-03-04,4328.87,-0.00793401612012401
2022-03-07,4201.09,-0.02951809594651711
2022-03-08,4170.7,-0.007233836932796112
2022-03-09,4277.88,0.025698324022346508
2022-03-10,4259.52,-0.0042918454935622075
2022-03-11,4204.31,-0.012961554353542182
2022-03-14,4173.11,-0.00742095611408311
2022-03-15,4262.45,0.021408493905025416
2022-03-16,4357.86,0.022383840279651235
2022-03-17,4411.67,0.012347803738532281
2022-03-18,4463.12,0.011662250349640857
2022-03-21,4461.18,-0.00043467350194470455
2022-03-22,4511.61,0.011304184094790948
2022-03-23,4456.24,-0.012272780670315009
2022-03-24,4520.16,0.014343931206577842
2022-03-25,4543.06,0.005066192347173759
2022-03-28,4575.52,0.007144963967017803
2022-03-29,4631.6,0.012256530405287291
2022-03-30,4602.45,-0.006293721392175655
2022-03-31,4530.41,-0.015652532890091164
2022-04-01,4545.86,0.0034102873691344016
2022-04-04,4582.64,0.0080908782936564
2022-04-05,4525.12,-0.012551716914267819
2022-04-06,4481.15,-0.009716869386889204
2022-04-07,4500.21,0.004253372460194527
2022-04-08,4488.28,-0.0026509873983658894
2022-04-11,4412.53,-0.01687728929567678
2022-04-12,4397.45,-0.003417540503973915
2022-04-13,4446.59,0.011174658040455254
2022-04-14,4392.59,-0.012144137417661627
2022-04-18,4391.69,-0.000204890508788802
2022-04-19,4462.21,0.016057599693967584
2022-04-20,4459.45,-0.0006185275905885579
2022-04-21,4393.66,-0.01475294038502506
2022-04-22,4271.78,-0.02773997077607282
2022-04-25,4296.12,0.005697858972138148
2022-04-26,4175.2,-0.02814632738377887
2022-04-27,4183.96,0.002098103084882119
2022-04-28,4287.5,0.02474689050564538
2022-04-29,4131.93,-0.03628454810495618
2022-05-02,4155.38,0.005675313957399952
2022-05-03,4175.48,0.004837102743912469
2022-05-04,4300.17,0.0298624349775356
2022-05-05,4146.87,-0.03564975338184306
2022-05-06,4123.34,-0.005674159064547379
2022-05-09,3991.24,-0.032037134944001844
2022-05-10,4001.05,0.00245788276325154
2022-05-11,3935.18,-0.016463178415666024
2022-05-12,3930.08,-0.0012960017076728558
2022-05-13,4023.89,0.02386974310955492
2022-05-16,4008.01,-0.003946429947140562
2022-05-17,4088.85,0.020169610355263545
2022-05-18,3923.68,-0.04039522115020122
2022-05-19,3900.79,-0.005833809077192775
2022-05-20,3901.36,0.00014612424662696633
2022-05-23,3973.75,0.01855506797629536
2022-05-24,3941.48,-0.008120792702107527
2022-05-25,3978.73,0.009450764687376267
2022-05-26,4057.84,0.01988322907058282
2022-05-27,4158.24,0.024742227391912897
2022-05-31,4132.15,-0.006274289122320975
2022-06-01,4101.23,-0.007482787410912017
2022-06-02,4176.82,0.018431056049039052
2022-06-03,4108.54,-0.016347364741597592
2022-06-06,4121.43,0.0031373675320187644
2022-06-07,4160.68,0.009523393579413009
2022-06-08,4115.77,-0.010793908688002896
2022-06-09,4017.82,-0.023798705952956634
2022-06-10,3900.86,-0.02911031355312088
2022-06-13,3749.63,-0.03876837415339185
2022-06-14,3735.48,-0.0037737056722930706
2022-06-15,3789.99,0.014592502168395916
2022-06-16,3666.77,-0.032511959134456814
2022-06-17,3674.84,0.0022008470670371594
2022-06-21,3764.79,0.02447725615264873
2022-06-22,3759.89,-0.0013015334188627437
2022-06-23,3795.73,0.009532193760987795
2022-06-24,3911.74,0.03056329085577736
2022-06-27,3900.11,-0.002973101484249896
2022-06-28,3821.55,-0.02014302160708281
2022-06-29,3818.83,-0.000711753084481459
2022-06-30,3785.38,-0.008759227302603145
2022-07-01,3825.33,0.010553762105785847
2022-07-05,3831.39,0.0015841770513915776
2022-07-06,3845.08,0.0035731157621645693
2022-07-07,3902.62,0.014964578110208349
2022-07-08,3899.38,-0.0008302114989416909
2022-07-11,3854.43,-0.011527473598367033
2022-07-12,3818.8,-0.009243908956706903
2022-07-13,3801.78,-0.004456897454697795
2022-07-14,3790.38,-0.00299859539478875
2022-07-15,3863.16,0.019201241036518768
2022-07-18,3830.85,-0.008363619420370894
2022-07-19,3936.69,0.027628333137554417
2022-07-20,3959.9,0.005895816028186118
2022-07-21,3998.95,0.009861360135356989
2022-07-22,3961.63,-0.009332449768064022
2022-07-25,3966.84,0.0013151152429682345
2022-07-26,3921.05,-0.011543193070554847
2022-07-27,4023.61,0.026156259165274642
2022-07-28,4072.43,0.012133382708562568
2022-07-29,4130.29,0.014207733466259809
2022-08-01,4118.63,-0.0028230463236237346
2022-08-02,4091.19,-0.006662409587654183
2022-08-03,4155.17,0.015638481713144525
2022-08-04,4151.94,-0.0007773448499099889
2022-08-05,4145.19,-0.0016257460367924415
2022-08-08,4140.06,-0.0012375789770792123
2022-08-09,4122.47,-0.004248730694724312
2022-08-10,4210.24,0.021290634013103604
2022-08-11,4207.27,-0.0007054229687617486
2022-08-12,4280.15,0.01732239670855429
2022-08-15,4297.14,0.00396948705068767
2022-08-16,4305.2,0.0018756661407353103
2022-08-17,4274.04,-0.0072377589891293725
2022-08-18,4283.74,0.0022695154935377104
2022-08-19,4228.48,-0.012899942573545653
2022-08-22,4137.99,-0.021400124867564707
2022-08-23,4128.73,-0.0022378014446627903
2022-08-24,4140.77,0.0029161509713642175
2022-08-25,4199.12,0.014091582000449021
2022-08-26,4057.66,-0.033688010821315006
2022-08-29,4030.61,-0.0066664037893761074
2022-08-30,3986.16,-0.011028107408059928
2022-08-31,3955.0,-0.007817046982559583
2022-09-01,3966.85,0.002996207332490508
2022-09-02,3924.26,-0.010736478566116592
2022-09-06,3908.19,-0.004095039574340209
2022-09-07,3979.87,0.018340971140093032
2022-09-08,4006.18,0.006610768693449787
2022-09-09,4067.36,0.015271405678227268
2022-09-12,4110.41,0.01058426104401855
2022-09-13,3932.69,-0.043236562775976095
2022-09-14,3946.01,0.0033869946525153516
2022-09-15,3901.35,-0.011317761485652666
2022-09-16,3873.33,-0.007182129262947479
2022-09-19,3899.89,0.006857148758303566
2022-09-20,3855.93,-0.011272112803181633
2022-09-21,3789.93,-0.017116493297336777
2022-09-22,3757.99,-0.008427596288058115
2022-09-23,3693.23,-0.01723261637204987
2022-09-26,3655.04,-0.010340542018774879
2022-09-27,3647.29,-0.0021203598319033956
2022-09-28,3719.04,0.019672140136923533
2022-09-29,3640.47,-0.021126419721218426
2022-09-30,3585.62,-0.01506673588849794
2022-10-03,3678.43,0.025883947546031072
2022-10-04,3790.93,0.030583700111188827
2022-10-05,3783.28,-0.0020179744811957834
2022-10-06,3744.52,-0.010245078344716774
2022-10-07,3639.66,-0.028003589245083504
2022-10-10,3612.39,-0.007492458086744369
2022-10-11,3588.84,-0.006519229651283376
2022-10-12,3577.03,-0.0032907569019515748
2022-10-13,3669.91,0.025965675434648228
2022-10-14,3583.07,-0.023662705624933444
2022-10-17,3677.95,0.026480085513260976
2022-10-18,3719.98,0.011427561549232745
2022-10-19,3695.16,-0.006672078882144605
2022-10-20,3665.78,-0.007950941231232078
2022-10-21,3752.75,0.023724828003862664
2022-10-24,3797.34,0.011881953234294862
2022-10-25,3859.11,0.01626664981276371
2022-10-26,3830.6,-0.007387713747470381
2022-10-27,3807.3,-0.006082598026418751
2022-10-28,3901.06,0.024626375646783716
2022-10-31,3871.98,-0.007454384193014141
2022-11-01,3856.1,-0.00410126085362017
2022-11-02,3759.69,-0.025001944970306722
2022-11-03,3719.89,-0.010585979163175718
2022-11-04,3770.55,0.013618682272863003
2022-11-07,3806.8,0.00961398204505981
2022-11-08,3828.11,0.005597877482399927
2022-11-09,3748.57,-0.020777877333723382
2022-11-10,3956.37,0.05543447234545429
2022-11-11,3992.93,0.009240793960120008
2022-11-14,3957.25,-0.008935794015923149
2022-11-15,3991.73,0.008713121485880437
2022-11-16,3958.79,-0.008252061136399536
2022-11-17,3946.56,-0.003089327799655983
2022-11-18,3965.34,0.004758574556069206
2022-11-21,3949.94,-0.0038836518432215916
2022-11-22,4003.58,0.013579953113211918
2022-11-23,4027.26,0.0059147063378277576
2022-11-25,4026.12,-0.0002830708720074071
2022-11-28,3963.94,-0.01544414970244301
2022-11-29,3957.63,-0.0015918505325509535
2022-11-30,4080.11,0.030947814727501077
2022-12-01,4076.57,-0.0008676236670089876
2022-12-02,4071.7,-0.0011946317615054713
2022-12-05,3998.84,-0.017894245646781326
2022-12-06,3941.26,-0.014399175760970717
2022-12-07,3933.92,-0.001862348589029894
2022-12-08,3963.51,0.007521759466384781
2022-12-09,3934.38,-0.007349546235533633
2022-12-12,3990.56,0.014279251114533986
2022-12-13,4019.65,0.007289703700733785
2022-12-14,3995.32,-0.006052765788066128
2022-12-15,3895.75,-0.024921658340258168
2022-12-16,3852.36,-0.011137778348199956
2022-12-19,3817.66,-0.009007465553582783
2022-12-20,3821.62,0.0010372846193742458
2022-12-21,3878.44,0.014868040255179737
2022-12-22,3822.39,-0.014451686760656446
2022-12-23,3844.82,0.005868056373107056
2022-12-27,3829.25,-0.004049604402806883
2022-12-28,3783.22,-0.01202063067180259
2022-12-29,3849.28,0.017461316021801565
2022-12-30,3839.5,-0.0025407348906808513
2023-01-03,3824.14,-0.004000520901158988
2023-01-04,3852.97,0.00753894993384141
2023-01-05,3808.1,-0.01164556173549236
2023-01-06,3895.08,0.02284078674404566
2023-01-09,3892.09,-0.0007676350678290644
2023-01-10,3919.25,0.006978255898501873
2023-01-11,3969.61,0.012849397206098123
2023-01-12,3983.17,0.00341595270064321
2023-01-13,3999.09,0.003996816605869258
2023-01-17,3990.97,-0.0020304619300891558
2023-01-18,3928.86,-0.01556263264319191
2023-01-19,3898.85,-0.007638348019527341
2023-01-20,3972.61,0.01891839901509429
2023-01-23,4019.81,0.011881357596139619
2023-01-24,4016.95,-0.0007114764130643492
2023-01-25,4016.22,-0.00018172991946630024
2023-01-26,4060.43,0.011007863115068517
2023-01-27,4070.56,0.002494809663015962
2023-01-30,4017.77,-0.012968731575016657
2023-01-31,4076.6,0.014642450911824145
2023-02-01,4119.21,0.010452337732424155
2023-02-02,4179.76,0.01469942051995421
2023-02-03,4136.48,-0.010354661511665864
2023-02-06,4111.08,-0.006140486597300043
2023-02-07,4164.0,0.01287252984617182
2023-02-08,4117.86,-0.011080691642651352
2023-02-09,4081.5,-0.008829829085981511
2023-02-10,4090.46,0.0021952713463186946
2023-02-13,4137.29,0.011448590134117032
2023-02-14,4136.13,-0.0002803767683676739
2023-02-15,4147.6,0.0027731236687436045
2023-02-16,4090.41,-0.01378869707782826
2023-02-17,4079.09,-0.0027674487398573477
2023-02-21,3997.34,-0.020041234687148357
2023-02-22,3991.05,-0.0015735464083616035
2023-02-23,4012.32,0.0053294245875146196
2023-02-24,3970.04,-0.010537544363360851
2023-02-27,3982.24,0.0030730168965551474
2023-02-28,3970.15,-0.0030359797500902896
2023-03-01,3951.39,-0.004725262269687613
2023-03-02,3981.35,0.0075821419804169565
2023-03-03,4045.64,0.0161477890665227
2023-03-06,4048.42,0.0006871595099910977
2023-03-07,3986.37,-0.015326967063694075
2023-03-08,3992.01,0.001414821002566402
2023-03-09,3918.32,-0.018459372596762003
2023-03-10,3861.59,-0.014478143694236278
2023-03-13,3855.76,-0.0015097408062482165
2023-03-14,3919.29,0.016476647924144494
2023-03-15,3891.93,-0.006980856226510457
2023-03-16,3960.28,0.017561980816715783
2023-03-17,3916.64,-0.01101942286909019
2023-03-20,3951.57,0.008918358593079878
2023-03-21,4002.87,0.012982181765728518
2023-03-22,3936.97,-0.01646318766285193
2023-03-23,3948.72,0.002984528711166279
2023-03-24,3970.99,0.0056398022650376856
2023-03-27,3977.53,0.0016469444647304599
2023-03-28,3971.27,-0.0015738410521103363
2023-03-29,4027.81,0.014237259113583312
2023-03-30,4050.83,0.0057152646227105475
2023-03-31,4109.31,0.014436547571732294
2023-04-03,4124.51,0.0036989178231867648
2023-04-04,4100.6,-0.0057970522559043225
2023-04-05,4090.38,-0.0024923181973370845
2023-04-06,4105.02,0.003579129567424122
2023-04-10,4109.11,0.0009963410653295313
2023-04-11,4108.94,-4.137148920324574e-05
2023-04-12,4091.95,-0.004134886369720592
2023-04-13,4146.22,0.013262625398648753
2023-04-14,4137.64,-0.0020693547375681964
2023-04-17,4151.32,0.0033062325383550473
2023-04-18,4154.87,0.0008551496873283604
2023-04-19,4154.52,-8.423849602978706e-05
2023-04-20,4129.79,-0.005952552882162232
2023-04-21,4133.52,0.0009031936248575789
2023-04-24,4137.04,0.0008515744450250384
2023-04-25,4071.63,-0.015810821263512076
2023-04-26,4055.99,-0.003841213469789828
2023-04-27,4135.35,0.019566123190639217
2023-04-28,4169.48,0.008253231286347917
2023-05-01,4167.87,-0.0003861392787588569
2023-05-02,4119.58,-0.011586253889876552
2023-05-03,4090.75,-0.006998286233062534
2023-05-04,4061.22,-0.007218725172645657
2023-05-05,4136.25,0.018474744042430657
2023-05-08,4138.12,0.0004521003324267081
2023-05-09,4119.17,-0.004579374208577791
2023-05-10,4137.64,0.004483913021312569
2023-05-11,4130.62,-0.0016966193288928677
2023-05-12,4124.08,-0.0015832974226629437
2023-05-15,4136.28,0.002958235533743192
2023-05-16,4109.9,-0.006377711373504735
2023-05-17,4158.77,0.011890800262780221
2023-05-18,4198.05,0.009445100354191105
2023-05-19,4191.98,-0.001445909410321633
2023-05-22,4192.63,0.00015505799168891166
2023-05-23,4145.58,-0.011222073018606449
2023-05-24,4115.24,-0.007318638164020563
2023-05-25,4151.28,0.00875769092446621
2023-05-26,4205.45,0.013048987300302572
2023-05-30,4205.52,1.6645067709930572e-05
2023-05-31,4179.83,-0.006108638170785219
2023-06-01,4221.02,0.009854467765435526
2023-06-02,4282.37,0.014534401637518846
2023-06-05,4273.79,-0.002003563447343426
2023-06-06,4283.85,0.002353882619408054
2023-06-07,4267.52,-0.0038119915496573897
2023-06-08,4293.93,0.006188606028794119
2023-06-09,4298.86,0.0011481323635922358
2023-06-12,4338.93,0.009321075820101221
2023-06-13,4369.01,0.006932584761680793
2023-06-14,4372.59,0.0008194076003487094
2023-06-15,4425.84,0.012178136985173449
2023-06-16,4409.59,-0.0036716193988033385
2023-06-20,4388.71,-0.0047351341054383544
2023-06-21,4365.69,-0.005245277085977551
2023-06-22,4381.89,0.003710753626574581
2023-06-23,4348.33,-0.007658795633847637
2023-06-26,4328.82,-0.004486779982200151
2023-06-27,4378.41,0.011455777787018118
2023-06-28,4376.86,-0.00035400978894173374
2023-06-29,4396.44,0.004473526683512752
2023-06-30,4450.38,0.012269017659743087
2023-07-03,4455.59,0.0011706865481149187
2023-07-05,4446.82,-0.0019683139606652134
2023-07-06,4411.59,-0.007922515415510367
2023-07-07,4398.95,-0.0028651801277997935
2023-07-10,4409.53,0.0024051194034939716
2023-07-11,4439.26,0.006742215156717579
2023-07-12,4472.16,0.007411145100759908
2023-07-13,4510.04,0.00847017995778332
2023-07-14,4505.42,-0.001024381158481913
2023-07-17,4522.79,0.003855356437357571
2023-07-18,4554.98,0.007117288222535212
2023-07-19,4565.72,0.0023578588709500803
2023-07-20,4534.87,-0.006756875147840957
2023-07-21,4536.34,0.00032415482692993436
2023-07-24,4554.64,0.004034089155574794
2023-07-25,4567.46,0.002814712029929778
2023-07-26,4566.75,-0.00015544744781559316
2023-07-27,4537.41,-0.006424700279192064
2023-07-28,4582.23,0.009877881875342887
2023-07-31,4588.96,0.0014687171966489831
2023-08-01,4576.73,-0.0026650918726683903
2023-08-02,4513.39,-0.01383957541738301
2023-08-03,4501.89,-0.002547973917609636
2023-08-04,4478.03,-0.00529999622380839
2023-08-07,4518.44,0.00902405745383561
2023-08-08,4499.38,-0.004218270022397053
2023-08-09,4467.71,-0.007038747560775049
2023-08-10,4468.83,0.00025068771249703303
2023-08-11,4464.05,-0.0010696312010077813
2023-08-14,4489.72,0.005750383620255262
2023-08-15,4437.86,-0.011550831677699436
2023-08-16,4404.33,-0.0075554433893813
2023-08-17,4370.36,-0.007712864385729601
2023-08-18,4369.71,-0.00014872916647590273
2023-08-21,4399.77,0.006879175048229769
2023-08-22,4387.55,-0.0027774179104816943
2023-08-23,4436.01,0.011044888377340412
2023-08-24,4376.31,-0.013458039995401183
2023-08-25,4405.71,0.006717988442317857
2023-08-28,4433.31,0.0062645975336552695
2023-08-29,4497.63,0.014508347036412905
2023-08-30,4514.87,0.0038331298928546698
2023-08-31,4507.66,-0.0015969452055097921
2023-09-01,4515.77,0.0017991596526802933
2023-09-05,4496.83,-0.00419419058100845
2023-09-06,4465.48,-0.0069715777558858605
2023-09-07,4451.14,-0.0032113009127796577
2023-09-08,4457.49,0.0014266008258556617
2023-09-11,4487.46,0.006723514803174124
2023-09-12,4461.9,-0.005695872498027943
2023-09-13,4467.44,0.001241623523611013
2023-09-14,4505.1,0.008429883781315706
2023-09-15,4450.32,-0.012159552507158722
2023-09-18,4453.53,0.0007212964460983073
2023-09-19,4443.95,-0.0021511026084926055
2023-09-20,4402.2,-0.009394795170962755
2023-09-21,4330.0,-0.016400890463858953
2023-09-22,4320.06,-0.0022956120092377796
2023-09-25,4337.44,0.00402309227186648
2023-09-26,4273.53,-0.01473449776826885
2023-09-27,4274.51,0.0002293186195019281
2023-09-28,4299.7,0.005893073124170867
2023-09-29,4288.05,-0.002709491359862204
2023-10-02,4288.39,7.92901202177898e-05
2023-10-03,4229.45,-0.01374408577578079
2023-10-04,4263.75,0.008109801510834735
2023-10-05,4258.19,-0.0013040164174730196
2023-10-06,4308.5,0.011814879091820885
2023-10-09,4335.66016,0.006303855170012751
2023-10-10,4358.24023,0.0052079889028939785
2023-10-11,4376.9502,0.004293010254737606
2023-10-12,4349.60986,-0.006246436160046054
2023-10-13,4327.77979,-0.005018857024570056
2023-10-16,4373.62988,0.010594367602978494
2023-10-17,4373.2002,-9.82433383229786e-05
2023-10-18,4314.6001,-0.013399821028088454
2023-10-19,4278.0,-0.008482848734926662
2023-10-20,4224.16016,-0.012585282842449641
2023-10-23,4217.04004,-0.001685570558480065
2023-10-24,4247.68018,0.007265792999205267
2023-10-25,4186.77002,-0.014339629496305517
2023-10-26,4137.22998,-0.01183252000070445
2023-10-27,4117.37012,-0.004800279437209509
2023-10-30,4166.81982,0.012010020609951821
2023-10-31,4193.7998,0.006474957201293208
2023-11-01,4237.85986,0.01050599983337297
2023-11-02,4317.77979,0.018858558951970528
2023-11-03,4358.33984,0.009393728252176547
2023-11-06,4365.97998,0.0017529931764110884
2023-11-07,4378.37988,0.002840118382769319
2023-11-08,4382.77979,0.0010049173713997384
2023-11-09,4347.3501,-0.008083839868212928
2023-11-10,4415.24023,0.01561643954095171
2023-11-13,4411.5498,-0.0008358390048462949
2023-11-14,4495.7002,0.019075019849033703
2023-11-15,4502.87988,0.0015970104056315382
2023-11-16,4508.24023,0.0011904270473233058
2023-11-17,4514.02002,0.001282050136001578
2023-11-20,4547.37988,0.007390277369660581
2023-11-21,4538.18994,-0.002020930787071218
2023-11-22,4556.62012,0.0040611301518154175
2023-11-24,4559.33984,0.0005968722273035354
2023-11-27,4550.43018,-0.001954155713911332
2023-11-28,4554.89014,0.000980118323670176
2023-11-29,4550.58008,-0.0009462489472908953
2023-11-30,4567.7998,0.0037840714144734555
2023-12-01,4594.62988,0.005873742540117632
2023-12-04,4569.77,-0.0054106382122774965
2023-12-05,4567.17,-0.0005689564245028311
2023-12-06,4549.35,-0.003901759733051291
2023-12-07,4585.58,0.007963775044786514
2023-12-08,4604.36,0.004095447031782218
2023-12-11,4622.43,0.003924541087143574
2023-12-12,4643.69,0.004599312482828077
2023-12-13,4707.08,0.013650782028946873
2023-12-14,4719.54,0.002647076319076902
2023-12-15,4719.18,-7.62786203739596e-05
2023-12-18,4740.57,0.004532567098521234
2023-12-19,4768.36,0.005862164254509361
2023-12-20,4698.34,-0.014684293971092721
2023-12-21,4746.76,0.01030576756897128
2023-12-22,4754.64,0.0016600797175336801
2023-12-26,4774.74,0.004227449396799532
2023-12-27,4781.59,0.0014346330899692727
2023-12-28,4783.36,0.0003701697552487282
2023-12-29,4769.82,-0.002830646240299717
2024-01-02,4742.82,-0.005660590965696821
2024-01-03,4704.82,-0.008012110938218187
2024-01-04,4688.69,-0.003428398961065504
2024-01-05,4697.23,0.0018214042728352808
2024-01-08,4763.55,0.01411895947185915
2024-01-09,4756.51,-0.0014778893892160028
2024-01-10,4783.46,0.005665918919543822
2024-01-11,4780.23,-0.0006752434430308263
2024-01-12,4783.84,0.0007551937877467996
2024-01-16,4765.99,-0.003731312084016225
2024-01-17,4739.22,-0.005616881277551888
2024-01-18,4780.95,0.008805246432957325
2024-01-19,4839.82,0.012313452347336717
2024-01-22,4850.44,0.002194296482100455
2024-01-23,4864.61,0.002921384451719966
2024-01-24,4868.54,0.0008078756570413237
2024-01-25,4894.17,0.005264411918151968
2024-01-26,4890.96,-0.0006558824070271863
2024-01-29,4927.94,0.007560887842059438
2024-01-30,4924.96,-0.0006047151548110863
2024-01-31,4845.66,-0.016101653617491385
2024-02-01,4906.18,0.012489526710499854
2024-02-02,4958.62,0.010688560142513959
2024-02-05,4942.82,-0.0031863704014424288
2024-02-06,4954.24,0.002310421985829869
2024-02-07,4995.05,0.008237388580286886
2024-02-08,4997.92,0.0005745688231348911
2024-02-09,5026.62,0.005742388833754886
2024-02-12,5021.83,-0.0009529266186821816
2024-02-13,4953.16,-0.013674298014867081
2024-02-14,5000.63,0.009583780859087954
2024-02-15,5029.72,0.005817267024355033
2024-02-16,5005.56,-0.004803448303285274
2024-02-20,4975.52,-0.00600132652490426
2024-02-21,4981.81,0.0012641894716531876
2024-02-22,5087.02,0.02111883030464834
2024-02-23,5088.79,0.0003479443760785461
2024-02-26,5069.54,-0.0037828246007400868
2024-02-27,5078.17,0.0017023240767406467
2024-02-28,5069.77,-0.001654139187935777
2024-02-29,5096.28,0.0052290340587441975
2024-03-01,5137.07,0.008003877337979803
2024-03-04,5130.94,-0.0011932872240402181
2024-03-05,5078.64,-0.01019306403894793
2024-03-06,5104.77,0.0051450782099145
2024-03-07,5157.35,0.010300170232939054
2024-03-08,5123.68,-0.006528546637323496
2024-03-11,5117.93,-0.0011222402648096708
2024-03-12,5175.28,0.01120570230542417
2024-03-13,5165.3,-0.0019283980770121723
2024-03-14,5150.47,-0.002871082028149341
2024-03-15,5117.1,-0.006479020361248589
2024-03-18,5149.43,0.006318031697641224
2024-03-19,5178.52,0.005649168937144511
2024-03-20,5224.63,0.008904088426809231
2024-03-21,5241.54,0.0032365928304971536
2024-03-22,5234.17,-0.0014060753137437043
2024-03-25,5218.18,-0.00305492561380305
2024-03-26,5203.57,-0.0027998267595216175
2024-03-27,5248.48,0.008630613213620686
2024-03-28,5254.34,0.0011165137335000797
2024-04-01,5243.78,-0.0020097671639064396
2024-04-02,5205.8,-0.007242866786936086
2024-04-03,5211.48,0.0010910907065195818
2024-04-04,5147.2,-0.012334308104415603
2024-04-05,5204.35,0.011103124028598144
2024-04-08,5202.38,-0.00037852949936112434
2024-04-09,5209.92,0.0014493366497640991
2024-04-10,5160.65,-0.009456959032000611
2024-04-11,5199.05,0.007440923139527156
2024-04-12,5123.4,-0.014550735230474898
2024-04-15,5061.81,-0.012021313971190883
2024-04-16,5051.4,-0.0020565766000700814
2024-04-17,5022.22,-0.005776616383576738
2024-04-18,5011.11,-0.002212169120428875
2024-04-19,4967.24,-0.008754547395686818
2024-04-22,5010.59,0.008727180486547859
2024-04-23,5070.56,0.011968650398456182
2024-04-24,5071.62,0.00020904988798076118
2024-04-25,5048.41,-0.004576446973550863
2024-04-26,5099.95,0.010209154961661193
2024-04-29,5116.16,0.00317846253394638
2024-04-30,5035.7,-0.015726638729046782
2024-05-01,5018.4,-0.00343547073892414
2024-05-02,5064.19,0.009124422126574272
2024-05-03,5127.8,0.012560745153716635
2024-05-06,5180.73,0.010322165451070564
2024-05-07,5187.71,0.0013473004769599672
2024-05-08,5187.66,-9.638164045422393e-06
2024-05-09,5214.07,0.005090927315976712
2024-05-10,5222.69,0.001653219078378232
2024-05-13,5221.41,-0.00024508442967130506
2024-05-14,5246.69,0.004841604087784779
2024-05-15,5308.14,0.011712146134039036
2024-05-16,5297.09,-0.0020817084703870226
2024-05-17,5303.26,0.001164790479300848
2024-05-20,5308.12,0.0009164174488898169
2024-05-21,5321.42,0.0025055952013142146
2024-05-22,5307.02,-0.002706044627185933
2024-05-23,5267.85,-0.007380789972527002
2024-05-24,5304.71,0.006997162030050186
2024-05-28,5306.03,0.00024883546885678953
2024-05-29,5266.96,-0.007363320599393486
2024-05-30,5235.47,-0.0059787809286571125
2024-05-31,5277.5,0.008027932544738103
2024-06-03,5283.41,0.0011198484130743314
2024-06-04,5291.35,0.0015028173092757058
2024-06-05,5354.04,0.011847638126375903
2024-06-06,5352.95,-0.00020358458285707481
2024-06-07,5346.98,-0.0011152728869128214
2024-06-10,5360.78,0.00258089613202217
2024-06-11,5375.31,0.0027104264677901835
2024-06-12,5421.02,0.008503695600811767
2024-06-13,5433.75,0.002348266562381074
2024-06-14,5431.61,-0.00039383482861754526
2024-06-17,5473.24,0.007664394166738697
2024-06-18,5487.02,0.0025177043213893135
2024-06-20,5473.16,-0.002525961268593946
2024-06-21,5464.61,-0.0015621688384772625
2024-06-24,5447.88,-0.0030615176563376645
2024-06-25,5469.29,0.003929969088893204
2024-06-26,5477.91,0.001576072945482787
2024-06-27,5482.88,0.0009072803313672217
2024-06-28,5460.49,-0.004083620287148371
2024-07-01,5475.1,0.0026755840593062352
2024-07-02,5509.02,0.006195320633413104
2024-07-03,5537.01,0.005080758465207946
2024-07-05,5567.2,0.005452401205704893
2024-07-08,5572.86,0.0010166690616466578
2024-07-09,5576.97,0.0007375028261971117
2024-07-10,5633.92,0.010211638219319807
2024-07-11,5584.55,-0.008762992729751229
2024-07-12,5615.34,0.005513425432666974
2024-07-15,5631.21,0.002826186838196687
2024-07-16,5667.21,0.0063929421918202944
2024-07-17,5588.28,-0.013927488129079402
2024-07-18,5544.58,-0.007819937440500468
2024-07-19,5504.99,-0.007140306389302742
2024-07-22,5564.4,0.010792026870166893
2024-07-23,5555.75,-0.0015545251958880568
2024-07-24,5427.12,-0.023152589659361955
2024-07-25,5399.23,-0.005139005586756951
2024-07-26,5459.09,0.011086766075903531
2024-07-29,5463.55,0.0008169859811799629
2024-07-30,5436.45,-0.0049601449606940795
2024-07-31,5522.29,0.0157897157152187
2024-08-01,5446.69,-0.01368997281924711
2024-08-02,5346.55,-0.01838547815278624
2024-08-05,5186.34,-0.029965117692717702
2024-08-06,5240.04,0.010354122560418233
2024-08-07,5199.51,-0.0077346737811161415
2024-08-08,5319.3,0.023038709416848935
2024-08-09,5344.15,0.004671667324647855
2024-08-12,5344.38,4.303771413605162e-05
2024-08-13,5434.44,0.016851346648254717
2024-08-14,5455.2,0.0038200808178947554
2024-08-15,5543.21,0.0161332306789852
2024-08-16,5554.26,0.001993429799700852
2024-08-19,5608.24,0.009718666393002673
2024-08-20,5597.11,-0.001984579832532196
2024-08-21,5620.84,0.004239687981833606
2024-08-22,5570.65,-0.008929270358167152
2024-08-23,5634.6,0.011479809357974435
2024-08-26,5616.85,-0.0031501792496362313
2024-08-27,5625.79,0.001591639442035886
2024-08-28,5592.19,-0.005972494529657202
2024-08-29,5591.95,-4.291699674008331e-05
2024-08-30,5648.39,0.010093080231404095
2024-09-03,5528.92,-0.02115115988803895
2024-09-04,5520.08,-0.0015988656012385638
2024-09-05,5503.42,-0.003018072201852129
2024-09-06,5408.43,-0.01726017639940247
2024-09-09,5471.06,0.011580070371623563
2024-09-10,5495.53,0.004472625048893564
2024-09-11,5554.14,0.010665031398245484
2024-09-12,5595.75,0.007491708887424453
2024-09-13,5626.01,0.005407675467989037
2024-09-16,5633.08,0.0012566632480210949
2024-09-17,5634.57,0.0002645089364965436
2024-09-18,5618.25,-0.0028964055819697965
2024-09-19,5713.65,0.016980376451741996
2024-09-20,5702.54,-0.0019444663218782798
2024-09-23,5718.58,0.0028127816727283594
2024-09-24,5732.94,0.0025111128986565756
2024-09-25,5722.27,-0.001861174196834292
2024-09-26,5745.36,0.004035111939841851
2024-09-27,5738.16,-0.0012531851789965298
2024-09-30,5762.49,0.004240035133213471
2024-10-01,5708.74,-0.009327564993605209
2024-10-02,5709.55,0.00014188770201495338
2024-10-03,5699.95,-0.0016813934548257636
2024-10-04,5751.06,0.00896674532232744
2024-10-07,5695.93,-0.009586058917834261
2024-10-08,5751.14,0.00969288597296658
2024-10-09,5792.05,0.007113372305316723
2024-10-10,5780.04,-0.0020735318237929956
2024-10-11,5815.04,0.006055321416460702
2024-10-14,5859.86,0.007707599603786086
2024-10-15,5815.25,-0.007612809862351577
2024-10-16,5842.48,0.004682515798976716
2024-10-17,5841.48,-0.00017116019224716617
2024-10-18,5864.68,0.003971596239309427
2024-10-21,5853.97,-0.0018261865950059963
2024-10-22,5851.19,-0.00047489139848699846
2024-10-23,5797.43,-0.00918787460328574
2024-10-24,5809.87,0.002145778388009889
2024-10-25,5808.11,-0.0003029327678588656
2024-10-28,5823.51,0.002651464934376291
2024-10-29,5832.91,0.0016141467946306776
2024-10-30,5813.66,-0.0033002395030953258
2024-10-31,5705.44,-0.018614779674077986
2024-11-01,5728.81,0.004096090748478831
2024-11-04,5712.68,-0.0028155934653095738
2024-11-05,5782.77,0.012269197644538155
2024-11-06,5929.03,0.025292377182561276
2024-11-07,5973.09,0.0074312324275640496
2024-11-08,5995.53,0.0037568494698723143
2024-11-11,6001.34,0.0009690552795167395
2024-11-12,5984.0,-0.0028893547107813333
2024-11-13,5985.39,0.00023228609625669527
2024-11-14,5949.16,-0.006053072565029294
2024-11-15,5870.63,-0.013200182882961542
2024-11-18,5893.61,0.00391440100977225
2024-11-19,5916.97,0.003963614830299278
2024-11-20,5917.12,2.5350813000590833e-05
2024-11-21,5948.7,0.005337055865015428
2024-11-22,5969.33,0.0034679846016776317
2024-11-25,5987.38,0.0030237899395744172
2024-11-26,6021.64,0.005722035347681231
2024-11-27,5998.73,-0.0038046113683316563
2024-11-29,6032.39,0.0056111877013969025
2024-12-02,6047.14,0.0024451336866482265
2024-12-03,6049.87,0.00045145308360639014
2024-12-04,6086.48,0.006051369698852893
2024-12-05,6075.1,-0.0018697178007648363
2024-12-06,6090.28,0.0024987243008345317
2024-12-09,6052.84,-0.006147500607525336
2024-12-10,6034.9,-0.0029638979388189046
2024-12-11,6084.18,0.008165835390810283
2024-12-12,6051.25,-0.005412397397841717
2024-12-13,6051.08,-2.8093369138670887e-05
2024-12-16,6074.07,0.003799321773964248
2024-12-17,6050.6,-0.0038639660063185532
2024-12-18,5872.17,-0.029489637391333146
2024-12-19,5867.07,-0.0008685034663507007
2024-12-20,5930.84,0.010869139110322612
2024-12-23,5974.08,0.007290704183555707
2024-12-24,6040.05,0.011042704483368304
2024-12-26,6037.58,-0.00040893701211086597
2024-12-27,5970.85,-0.011052441541147262
2024-12-30,5906.95,-0.010701993853471592
2024-12-31,5881.62,-0.004288169021237631
