Date,Closing_Price,Stock_Return,Earnings_Call,Market_Return
2019-01-02,84.56,,0,
2019-01-03,83.2,-0.0160832544938505,0,-0.02475667621502542
2019-01-04,85.81,0.0313701923076923,0,0.0343356931888279
2019-01-07,87.96,0.0250553548537466,0,0.00701043468644591
2019-01-08,89.38,0.0161437016825829,0,0.009695296290921585
2019-01-09,89.38,0.0,0,0.0040980263439003295
2019-01-10,90.15,0.0086149026627881,0,0.004518445159692908
2019-01-11,92.04,0.0209650582362728,0,-0.00014634296629478794
2019-01-14,90.27,-0.0192307692307693,0,-0.005257562801876614
2019-01-15,91.42,0.0127395591004764,0,0.010721711756711327
2019-01-16,91.02,-0.0043754101947057,0,0.002221966823736654
2019-01-17,92.05,0.0113161942430235,0,0.007591452926111408
2019-01-18,92.92,0.0094513851167843,0,0.013183052853609212
2019-01-22,92.58,-0.0036590615583297,0,-0.014157284018107563
2019-01-23,92.12,-0.0049686757399005,0,0.0022028941471379238
2019-01-24,91.55,-0.0061875814155449,0,0.001375677416909804
2019-01-25,90.71,-0.0091753140360458,0,0.0084887201825663
2019-01-28,91.51,0.0088193142983135,0,-0.0078468605052614
2019-01-29,90.53,-0.0107092121079663,0,-0.001456209694195909
2019-01-30,90.45,-0.0008836849663095,0,0.015549242424242493
2019-01-31,89.43,-0.0112769485903814,0,0.008597377892989533
2019-02-01,89.47,0.0004472772000445,0,0.000898635405495396
2019-02-04,91.34,0.0209008606236726,0,0.006776204217207926
2019-02-05,92.12,0.0085395226625792,0,0.004708481505539597
2019-02-06,93.1,0.0106382978723402,0,-0.002224495014062744
2019-02-07,93.4,0.0032223415682064,0,-0.009357119061652264
2019-02-08,93.25,-0.0016059957173447,0,0.0006762624489569102
2019-02-11,94.0,0.0080428954423592,0,0.0007090417596054
2019-02-12,95.04,0.011063829787234,0,0.012890250202966858
2019-02-13,95.15,0.0011574074074074,0,0.003023976857468691
2019-02-14,95.37,0.0023121387283235,0,-0.0026516238471793185
2019-02-15,95.56,0.001992240746566,0,0.010878709851296353
2019-02-19,94.89,-0.0070113017999162,0,0.0014987750396311394
2019-02-20,94.21,-0.0071661924333439,0,0.0017771318387196366
2019-02-21,94.69,0.0050950005307293,0,-0.003526412180845262
2019-02-22,95.25,0.005914035272996,0,0.006411088047050706
2019-02-25,94.68,-0.0059842519685038,0,0.0012317960947767492
2019-02-26,94.66,-0.0002112378538234,0,-0.0007903837831845228
2019-02-27,94.91,0.0026410310585252,0,-0.0005440423780378456
2019-02-28,95.55,0.0067432304288272,0,-0.0028255466662847617
2019-03-01,95.16,-0.0040816326530612,0,0.0068953381050032014
2019-03-04,94.77,-0.0040983606557377,0,-0.0038806002090102654
2019-03-05,94.33,-0.0046428194576342,0,-0.0011314768996100177
2019-03-06,93.36,-0.0102830488709848,0,-0.0065241159285216455
2019-03-07,92.41,-0.0101756640959725,0,-0.008125710368218741
2019-03-08,91.74,-0.0072502975868412,0,-0.0021317385309919112
2019-03-11,92.71,0.0105733594942227,0,0.014666049353461608
2019-03-12,93.27,0.0060403408478049,0,0.0029533287823806376
2019-03-13,93.79,0.0055752117508309,0,0.006949618845646821
2019-03-14,93.79,0.0,0,-0.0008680432029370966
2019-03-15,94.31,0.0055443010981981,0,0.004984902865607044
2019-03-18,94.68,0.003923231894815,0,0.0037059607153993035
2019-03-19,94.07,-0.006442754541614,0,-0.0001306063665308388
2019-03-20,92.6,-0.0156266609971298,0,-0.0029443226469249018
2019-03-21,98.96,0.0686825053995681,0,0.010852515552911779
2019-03-22,100.09,0.0114187550525466,0,-0.018974527826038257
2019-03-25,101.17,0.0107902887401338,0,-0.0008390729493592541
2019-03-26,101.51,0.0033606800434911,0,0.007182778484540853
2019-03-27,101.44,-0.000689587232785,0,-0.004644380264399728
2019-03-28,103.24,0.0177444794952681,0,0.0035895443381801506
2019-03-29,103.53,0.002808988764045,0,0.006734293751598397
2019-04-01,102.68,-0.0082101806239737,0,0.01156858594411525
2019-04-02,101.57,-0.0108102843786522,0,1.7438676892522764e-05
2019-04-03,100.95,-0.0061041646155359,0,0.0021484075277968806
2019-04-04,101.0,0.0004952947003467,0,0.0020846384074615365
2019-04-05,101.4,0.0039603960396039,0,0.004636398681665099
2019-04-08,101.7,0.0029585798816567,0,0.0010474498226595852
2019-04-09,100.37,-0.0130776794493608,0,-0.0060674708281390766
2019-04-10,100.36,-9.963136395341188e-05,0,0.0034778681120144483
2019-04-11,99.79,-0.0056795536070146,0,3.808587325715429e-05
2019-04-12,99.92,0.0013027357450645,0,0.006609378462220095
2019-04-15,99.36,-0.0056044835868694,0,-0.0006294261903205811
2019-04-16,99.27,-0.0009057971014493,0,0.000509364739569973
2019-04-17,98.13,-0.0114838319734058,0,-0.002273774879087531
2019-04-18,100.24,0.0215020890655253,0,0.0015790653174507785
2019-04-22,100.19,-0.0004988028731045,0,0.001012037741434657
2019-04-23,100.35,0.0015969657650463,0,0.008841219132246891
2019-04-24,101.15,0.0079720976581965,0,-0.0021917864252406494
2019-04-25,102.19,0.0102817597627284,0,-0.00036894696387390624
2019-04-26,104.31,0.0207456698307075,0,0.004685305365033532
2019-04-29,103.2,-0.0106413574920908,0,0.0010714723049920494
2019-04-30,100.86,-0.0226744186046512,0,0.0009514004274504551
2019-05-01,99.09,-0.0175490779298036,0,-0.007502130129708795
2019-05-02,101.04,0.0196790796245838,0,-0.0021239991380873624
2019-05-03,100.93,-0.0010886777513855,0,0.00963832295922562
2019-05-06,101.79,0.0085207569602694,0,-0.004471014787957861
2019-05-07,102.46,0.0065821789959719,0,-0.016511677868827124
2019-05-08,101.95,-0.0049775522154986,0,-0.0016053813214057522
2019-05-09,103.22,0.0124570868072584,0,-0.0030214418181440106
2019-05-10,104.42,0.0116256539430343,0,0.0037203210344445292
2019-05-13,103.08,-0.0128327906531315,0,-0.024130630943291487
2019-05-14,103.8,0.0069848661233993,0,0.008016017810211773
2019-05-15,103.74,-0.0005780346820809,0,0.00583895766667486
2019-05-16,102.02,-0.0165799113167534,0,0.008895249319527565
2019-05-17,102.8,0.0076455596941775,0,-0.005837319908772343
2019-05-20,105.42,0.0254863813229573,0,-0.006749360908960611
2019-05-21,107.02,0.0151773856953139,0,0.008495790833841
2019-05-22,105.52,-0.0140160717622874,0,-0.002824365652362215
2019-05-23,103.57,-0.0184799090219863,0,-0.011914139769699683
2019-05-24,103.03,-0.0052138650188278,0,0.001353534780883292
2019-05-28,101.32,-0.0165971076385519,0,-0.008375618352052028
2019-05-29,99.43,-0.0186537702329252,0,-0.0069119572935958384
2019-05-30,100.91,0.0148848436085686,0,0.0020984398243635294
2019-05-31,99.76,-0.0113962937270835,0,-0.013195355808466647
2019-06-03,99.88,0.0012028869286286,0,-0.0027652013400870645
2019-06-04,101.22,0.0134160993191829,0,0.021432345278653342
2019-06-05,101.21,-9.879470460383288e-05,0,0.008161896642135735
2019-06-06,103.5,0.0226262227052662,0,0.006135555437609463
2019-06-07,104.05,0.0053140096618358,0,0.010497663083042452
2019-06-10,102.05,-0.0192215281114848,0,0.0046600819951694294
2019-06-11,102.09,0.0003919647231749,0,-0.00034987685027698667
2019-06-12,101.04,-0.0102850426094621,0,-0.002037619727485618
2019-06-13,101.98,0.0093032462391131,0,0.004097449858325275
2019-06-14,102.65,0.0065699156697391,0,-0.0016115422390061696
2019-06-17,101.47,-0.0114953726254263,0,0.0009317695307899942
2019-06-18,101.15,-0.0031536414703852,0,0.009717372571954597
2019-06-19,100.7,-0.0044488383588729,0,0.002985176934281464
2019-06-20,101.78,0.0107249255213506,0,0.009472195075278522
2019-06-21,103.98,0.0216152485753586,0,-0.0012592326804730103
2019-06-24,104.63,0.0062512021542604,0,-0.001731933325650914
2019-06-25,105.61,0.0093663385262352,0,-0.009496324715228988
2019-06-26,102.93,-0.0253763848120442,0,-0.0012339839170762978
2019-06-27,104.24,0.0127270960847176,0,0.003823212459416858
2019-06-28,104.4,0.0015349194167306,0,0.005757422425228809
2019-07-01,104.28,-0.0011494252873563,0,0.007672277820080398
2019-07-02,103.63,-0.0062332182585347,0,0.0029281490252435205
2019-07-03,104.39,0.0073337836533822,0,0.007672358989710748
2019-07-05,106.04,0.0158061116965226,0,-0.0018058494836139527
2019-07-08,107.19,0.0108449641644661,0,-0.004835457345313876
2019-07-09,105.88,-0.0122212892993749,0,0.0012365799156572876
2019-07-10,104.95,-0.008783528522856,0,0.004510627158405667
2019-07-11,105.66,0.0067651262505954,0,0.002285278994477169
2019-07-12,107.76,0.0198750709823964,0,0.004620138604158219
2019-07-15,108.33,0.0052895322939865,0,0.00017585947169163063
2019-07-16,106.42,-0.0176313117326686,0,-0.0034037753375577573
2019-07-17,105.56,-0.0080811877466641,0,-0.006531204644412147
2019-07-18,107.17,0.0152519893899203,0,0.0035819355184592006
2019-07-19,107.46,0.0027059811514416,0,-0.0061767347442999165
2019-07-22,108.37,0.0084682672622371,0,0.0028287212634507952
2019-07-23,108.11,-0.0023991879671496,0,0.006847502370160408
2019-07-24,107.31,-0.0073998705022662,0,0.00468811866363672
2019-07-25,106.75,-0.0052185257664709,0,-0.00526235610486292
2019-07-26,108.8,0.0192037470725994,0,0.007387629133693174
2019-07-29,109.37,0.0052389705882354,0,-0.00161606948107329
2019-07-30,107.69,-0.0153607022035293,0,-0.002578641959370631
2019-07-31,105.0,-0.0249791066951434,0,-0.010885509660889747
2019-08-01,104.41,-0.0056190476190476,0,-0.008998852495319398
2019-08-02,103.73,-0.0065127861315965,0,-0.0072827367651240316
2019-08-05,101.94,-0.0172563385712909,0,-0.02977780051499812
2019-08-06,101.83,-0.0010790661173238,0,0.013017006826634425
2019-08-07,102.73,0.0088382598448395,0,0.0007668897934256513
2019-08-08,105.42,0.0261851455271098,0,0.01876226603513209
2019-08-09,105.75,0.0031303357996586,0,-0.006616543400644659
2019-08-12,104.22,-0.0144680851063829,0,-0.0123173384955374
2019-08-13,104.65,0.0041258875455767,0,0.015131647413882954
2019-08-14,100.89,-0.0359292881032011,0,-0.02929276360753441
2019-08-15,99.25,-0.0162553275844979,0,0.002464268112370549
2019-08-16,101.15,0.0191435768261964,0,0.014426183452732166
2019-08-19,103.28,0.0210578348986651,0,0.012105875347909967
2019-08-20,102.67,-0.0059062742060418,0,-0.007914764079147596
2019-08-21,103.24,0.0055517677997467,0,0.008246825558263726
2019-08-22,104.43,0.0115265401007362,0,-0.0005060815269983809
2019-08-23,104.11,-0.0030642535669827,0,-0.025946389777450785
2019-08-26,104.69,0.0055710306406684,0,0.010983067039910699
2019-08-27,103.24,-0.0138504155124653,0,-0.0032031906836484936
2019-08-28,103.82,0.0056179775280897,0,0.006545469754213773
2019-08-29,105.24,0.0136775187825082,0,0.012687244194824032
2019-08-30,104.5,-0.0070315469403268,0,0.0006428273461489553
2019-09-03,103.24,-0.0120574162679426,0,-0.006899120439028739
2019-09-04,105.48,0.0216970166602092,0,0.010842075925499017
2019-09-05,107.16,0.0159271899886233,0,0.013009823744460025
2019-09-06,108.38,0.0113848450914519,0,0.0009106182795699524
2019-09-09,110.19,0.016700498246909,0,-9.400042300200528e-05
2019-09-10,109.65,-0.0049006261911243,0,0.00032231746255573235
2019-09-11,109.87,0.0020063839489283,0,0.0072296678179091245
2019-09-12,108.88,-0.0090106489487576,0,0.0028791074766822966
2019-09-13,109.99,0.0101947097722263,0,-0.0007243559711188619
2019-09-16,109.62,-0.0033639421765614,0,-0.0031356092824674775
2019-09-17,108.83,-0.0072067141032658,0,0.002581755593803692
2019-09-18,109.81,0.0090048699807039,0,0.0003426822370828919
2019-09-19,104.24,-0.0507239777798015,1,1.9955233758972568e-05
2019-09-20,103.48,-0.0072908672294703,0,-0.004895586322955614
2019-09-23,102.95,-0.005121762659451,0,-9.69228661094057e-05
2019-09-24,101.77,-0.0114618746964546,0,-0.00841639425358831
2019-09-25,102.35,0.0056991254790212,0,0.006158565361019441
2019-09-26,100.58,-0.0172936003908158,0,-0.0024289165022262083
2019-09-27,100.51,-0.0006959634122091,0,-0.005316326462073695
2019-09-30,102.11,0.0159188140483532,0,0.005047623227845355
2019-10-01,101.07,-0.010185094505925,0,-0.012258376613342059
2019-10-02,100.07,-0.0098941327792618,0,-0.01790323952044892
2019-10-03,99.72,-0.0034975517138002,0,0.007971990677411389
2019-10-04,100.56,0.0084235860409145,0,0.014216853396000317
2019-10-07,100.01,-0.0054693715194907,0,-0.004478304612789308
2019-10-08,98.42,-0.0158984101589841,0,-0.015560826054260457
2019-10-09,97.9,-0.0052834789676894,0,0.009104546742895181
2019-10-10,97.52,-0.0038815117466803,0,0.00641570185654583
2019-10-11,98.4,0.0090237899917966,0,0.010938930544257763
2019-10-14,96.14,-0.0229674796747968,0,-0.001387079289088211
2019-10-15,96.0,-0.001456209694196,0,0.009955666436289423
2019-10-16,95.75,-0.0026041666666666,0,-0.0019995460129251796
2019-10-17,95.0,-0.0078328981723237,0,0.002762828253096483
2019-10-18,96.14,0.012,0,-0.003919344885671916
2019-10-21,95.89,-0.0026003744539213,0,0.006871609403255041
2019-10-22,94.73,-0.012097194702263,0,-0.0035686728395061262
2019-10-23,96.1,0.0144621556001265,0,0.002847139009142241
2019-10-24,96.11,0.0001040582726328,0,0.001920439870594981
2019-10-25,97.82,0.0177921132036207,0,0.004072697314876805
2019-10-28,96.93,-0.0090983438969534,0,0.00558137996062924
2019-10-29,99.02,0.0215619519240688,0,-0.0008323956544341593
2019-10-30,98.36,-0.0066653201373459,0,0.0032533282404039188
2019-10-31,97.73,-0.0064050427002846,0,-0.0030228734036372717
2019-11-01,97.64,-0.0009209045328968,0,0.009662360578885698
2019-11-04,96.58,-0.010856206472757,0,0.00370405391746087
2019-11-05,98.16,0.0163594947194036,0,-0.001185730946278274
2019-11-06,98.18,0.0002037489812551,0,0.0007025258405917167
2019-11-07,98.78,0.006111224281931,0,0.0027301269509030224
2019-11-08,100.03,0.0126543834784369,0,0.002560628553277322
2019-11-11,99.55,-0.0047985604318704,0,-0.001962445200253349
2019-11-12,97.88,-0.0167754897036664,0,0.001564620781921544
2019-11-13,98.0,0.0012259910093992,0,0.0007115504036430131
2019-11-14,97.9,-0.0010204081632652,0,0.0008370932502488326
2019-11-15,98.02,0.0012257405515831,0,0.007695462486638771
2019-11-18,98.61,0.0060191797592328,0,0.0005031309486422941
2019-11-19,98.79,0.0018253726802555,0,-0.000592563172038818
2019-11-20,99.89,0.0111347302358537,0,-0.0037561935529359936
2019-11-21,98.79,-0.011012113324657,0,-0.0015827773238195064
2019-11-22,99.82,0.0104261564935721,0,0.0021749357185665286
2019-11-25,100.68,0.0086155079142458,0,0.007507338543994324
2019-11-26,102.01,0.0132101708382994,0,0.0021955297992111156
2019-11-27,102.25,0.0023527105185765,0,0.00417446792250975
2019-11-29,103.1,0.0083129584352077,0,-0.004011250527170329
2019-12-02,103.87,0.0074684772065956,0,-0.008631064190157245
2019-12-03,103.13,-0.007124289977857,0,-0.006638042050567283
2019-12-04,102.67,-0.0044603897992824,0,0.006323548428811776
2019-12-05,103.14,0.004577773448914,0,0.001500276282141666
2019-12-06,104.31,0.0113438045375218,0,0.009135730393304842
2019-12-09,102.8,-0.0144760809126641,0,-0.00316283682622831
2019-12-10,103.22,0.0040856031128404,0,-0.0010969527672547441
2019-12-11,102.23,-0.0095911645030032,0,0.0029082017034209873
2019-12-12,101.21,-0.0099775017118263,0,0.008575166394515055
2019-12-13,100.61,-0.0059282679577116,0,7.258794976916505e-05
2019-12-16,100.99,0.0037769605407016,0,0.007147816208028068
2019-12-17,100.98,-9.901970492121048e-05,0,0.00033527080167328194
2019-12-18,101.25,0.0026737967914438,0,-0.000432260408705365
2019-12-19,94.91,-0.0626172839506172,1,0.004459221469443442
2019-12-20,95.96,0.0110631124222948,0,0.0049448269622538454
2019-12-23,94.62,-0.0139641517298872,0,0.0008661314657181229
2019-12-24,94.45,-0.0017966603255126,0,-0.0001954088231737039
2019-12-26,94.8,0.0037056643726838,0,0.005128157399996169
2019-12-27,94.02,-0.0082278481012658,0,3.395156038288327e-05
2019-12-30,94.85,0.0088279089555414,0,-0.005780828513404224
2019-12-31,94.89,0.0004217185028994,0,0.002946024729223451
2020-01-02,97.72,0.0298240067446515,0,0.008378781594537532
2020-01-03,97.82,0.0010233319688905,0,-0.007059870773669763
2020-01-06,98.47,0.0066448579022695,0,0.0035333941295578875
2020-01-07,97.62,-0.0086320706814257,0,-0.0028032085956850583
2020-01-08,99.1,0.0151608276992418,0,0.0049024150649641385
2020-01-09,100.35,0.0126135216952574,0,0.006655292725288531
2020-01-10,100.49,0.0013951170901842,0,-0.0028552233792408233
2020-01-13,99.35,-0.0113444123793412,0,0.006976281256220629
2020-01-14,98.44,-0.0091595369904378,0,-0.0015145386587512855
2020-01-15,97.63,-0.0082283624542869,0,0.001870155186330269
2020-01-16,99.14,0.015466557410632,0,0.00836654718799501
2020-01-17,99.59,0.0045390357070809,0,0.003862144651035182
2020-01-21,100.49,0.0090370519128426,0,-0.002651954277064661
2020-01-22,100.87,0.0037814707931138,0,0.0002890878375325645
2020-01-23,103.18,0.0229007633587785,0,0.0011409648528637462
2020-01-24,102.72,-0.0044582283388254,0,-0.009042140524546438
2020-01-27,102.1,-0.0060358255451713,0,-0.015730684849202037
2020-01-28,103.03,0.0091087169441723,0,0.010053551114029613
2020-01-29,104.58,0.0150441618945937,0,-0.0008668473616095795
2020-01-30,103.7,-0.0084146108242493,0,0.003134355715769477
2020-01-31,102.14,-0.0150433944069431,0,-0.017705852615678808
2020-02-03,100.81,-0.0130213432543567,0,0.0072546442124061805
2020-02-04,101.38,0.0056542009721256,0,0.014980362705145023
2020-02-05,103.06,0.0165713158413889,0,0.011250640619361318
2020-02-06,106.59,0.0342518921016883,0,0.0033256464618900416
2020-02-07,105.89,-0.0065672201895112,0,-0.005400833288500828
2020-02-10,106.84,0.0089715742751912,0,0.007326359568592178
2020-02-11,107.23,0.0036503182328715,0,0.0016884988171557147
2020-02-12,107.42,0.0017718921943485,0,0.0064626610081155444
2020-02-13,107.26,-0.0014894805436603,0,-0.0016304428235363044
2020-02-14,106.77,-0.0045683386164461,0,0.0018435419717006685
2020-02-18,105.7,-0.0100215416315443,0,-0.0029199801192842934
2020-02-19,105.87,0.001608325449385,0,0.004705826501577137
2020-02-20,105.87,0.0,0,-0.0038155427255142094
2020-02-21,106.24,0.0034948521771982,0,-0.010518108756295885
2020-02-24,103.42,-0.0265436746987951,0,-0.0335135944873044
2020-02-25,98.03,-0.0521175788048733,0,-0.030280015747592093
2020-02-26,93.93,-0.0418239314495562,0,-0.003778518705585654
2020-02-27,87.16,-0.072074949430427,0,-0.044163278665378725
2020-02-28,85.53,-0.0187012391005048,0,-0.008238327357692588
2020-03-02,86.67,0.0133286566117152,0,0.04603922524388837
2020-03-03,83.61,-0.035306334371755,0,-0.028107940185681968
2020-03-04,83.39,-0.0026312642028465,0,0.042202592421180185
2020-03-05,77.15,-0.0748291162009833,0,-0.03392202215889484
2020-03-06,77.33,0.0023331173039531,0,-0.017053909799797706
2020-03-09,67.93,-0.1215569636622266,0,-0.07596968075979771
2020-03-10,72.46,0.0666862947151476,0,0.04939633578003022
2020-03-11,61.59,-0.1500138007176371,0,-0.048868410917935035
2020-03-12,51.91,-0.1571683714888782,0,-0.09511268047479748
2020-03-13,57.3,0.1038335580812945,0,0.0928711945304439
2020-03-16,43.17,-0.2465968586387433,0,-0.11984050283657066
2020-03-17,36.78,-0.1480194579569145,0,0.05995482224354909
2020-03-18,29.97,-0.1851549755301794,0,-0.05183082330706679
2020-03-19,37.21,0.241574908241575,1,0.004707893749218206
2020-03-20,34.21,-0.0806234883095942,0,-0.043359522534749395
2020-03-23,35.99,0.0520315697164572,0,-0.02929385835517062
2020-03-24,47.28,0.3136982495137537,0,0.09382765710199337
2020-03-25,51.28,0.0846023688663282,0,0.011535019797084933
2020-03-26,53.13,0.0360764430577222,0,0.06241416083633622
2020-03-27,47.95,-0.0974967061923584,0,-0.0336873163071707
2020-03-30,49.87,0.0400417101147028,0,0.03351603599491648
2020-03-31,47.78,-0.0419089633045918,0,-0.0160127919593398
2020-04-01,40.37,-0.1550858099623274,0,-0.04414239782712159
2020-04-02,38.87,-0.0371563041862769,0,0.022829386763812964
2020-04-03,39.9,0.0264985850270131,0,-0.015137124539950086
2020-04-06,45.97,0.1521303258145363,0,0.07033130412070787
2020-04-07,51.72,0.1250815749401783,0,-0.0016030454108602044
2020-04-08,55.77,0.07830626450116,0,0.03405642604938697
2020-04-09,56.44,0.0120136273982427,0,0.01448737809002254
2020-04-13,53.42,-0.053508150248051,0,-0.010104594561656355
2020-04-14,53.64,0.0041183077499062,0,0.030572524197665762
2020-04-15,51.57,-0.0385906040268456,0,-0.022030456139364496
2020-04-16,50.86,-0.0137676943959667,0,0.005816710738100639
2020-04-17,55.57,0.0926071569012976,0,0.026793591827257934
2020-04-20,54.21,-0.0244736368544178,0,-0.017880997439608137
2020-04-21,55.55,0.0247186865891901,0,-0.030674846625766805
2020-04-22,59.92,0.0786678667866787,0,0.02293024819481393
2020-04-23,58.66,-0.0210280373831776,0,-0.000539418642451106
2020-04-24,60.37,0.0291510398908967,0,0.01391807849024218
2020-04-27,63.51,0.0520125890342886,0,0.014714073196697708
2020-04-28,65.62,0.0332231144701622,0,-0.005242350129234907
2020-04-29,68.61,0.0455653764096311,0,0.026583874358714787
2020-04-30,64.73,-0.0565515231015886,0,-0.009212419757034462
2020-05-01,61.28,-0.0532983160821876,0,-0.028059043479156554
2020-05-04,61.95,0.0109334203655353,0,0.004249817183674676
2020-05-05,60.52,-0.0230831315577078,0,0.009040573531170715
2020-05-06,59.84,-0.0112359550561798,0,-0.006979403438802989
2020-05-07,61.87,0.0339237967914436,0,0.011504623615899323
2020-05-08,65.55,0.0594795539033456,0,0.016871501011734846
2020-05-11,64.86,-0.0105263157894736,0,0.0001331148883882971
2020-05-12,61.69,-0.0488744989207524,0,-0.020500377108651713
2020-05-13,57.79,-0.0632193224185443,0,-0.017462684487059787
2020-05-14,58.48,0.0119397819691988,0,0.01152482269503552
2020-05-15,61.07,0.0442886456908344,0,0.003926380368098004
2020-05-18,66.19,0.0838382184378581,0,0.03150120473513285
2020-05-19,66.51,0.0048345671551595,0,-0.010484408800538914
2020-05-20,68.71,0.0330777326717786,0,0.01665104312780974
2020-05-21,67.74,-0.0141173046135933,0,-0.007773563825670182
2020-05-22,66.35,-0.0205196338943017,0,0.002353731206609311
2020-05-26,68.84,0.037528259231349,0,0.012289160703107926
2020-05-27,71.55,0.0393666472980824,0,0.014827343010993532
2020-05-28,69.74,-0.0252969951083158,0,-0.0021079466294262605
2020-05-29,67.43,-0.0331230283911669,0,0.004812310007822562
2020-06-01,68.7,0.0188343467299421,0,0.0037512605483673855
2020-06-02,68.53,-0.0024745269286754,0,0.00821080396500995
2020-06-03,75.38,0.099956223551729,0,0.013648963587616247
2020-06-04,75.48,0.0013266118333776,0,-0.0033686961032639573
2020-06-05,75.08,-0.005299417064123,0,0.02621170498176606
2020-06-08,74.34,-0.0098561534363345,0,0.012041591393674889
2020-06-09,70.96,-0.0454667742803337,0,-0.007799182648133396
2020-06-10,68.22,-0.0386133032694474,0,-0.0053130787794885
2020-06-11,63.98,-0.0621518616241572,0,-0.058944121574601716
2020-06-12,66.62,0.0412628946545796,0,0.013060857399820103
2020-06-15,67.11,0.0073551486040226,0,0.008312207568449193
2020-06-16,67.29,0.0026821636119804,0,0.018962430582503575
2020-06-17,65.08,-0.032842918710061,0,-0.0036002995449221364
2020-06-18,65.03,-0.0007682851874615,0,0.000594188515139038
2020-06-19,61.64,-0.0521297862524988,0,-0.005649463621948292
2020-06-22,62.59,0.0154120700843607,0,0.006495057687217143
2020-06-23,66.1,0.056079245885924,0,0.004307441642665166
2020-06-24,62.12,-0.0602118003025717,0,-0.025855158736495243
2020-06-25,65.43,0.0532839665164199,1,0.01095946995898811
2020-06-26,64.0,-0.0218554180039738,0,-0.024226917788673585
2020-06-29,67.22,0.0503124999999999,0,0.01468569814393228
2020-06-30,66.47,-0.0111573936328474,0,0.015409859690034278
2020-07-01,66.77,0.0045133142771174,0,0.005022110834792981
2020-07-02,65.6,-0.0175228395986221,0,0.004541282342595654
2020-07-06,65.79,0.0028963414634148,0,0.0158817383970018
2020-07-07,63.33,-0.0373917008663932,0,-0.010818562640735552
2020-07-08,64.15,0.012948049897363,0,0.007827502448081614
2020-07-09,62.58,-0.0244738893219018,0,-0.005643639942711776
2020-07-10,63.24,0.0105465004793865,0,0.01046620453355751
2020-07-13,63.95,0.0112270714737507,0,-0.009362519779971379
2020-07-14,63.98,0.0004691164972634,0,0.013406355182839835
2020-07-15,69.41,0.0848702719599874,0,0.00908203857989931
2020-07-16,67.28,-0.0306872208615472,0,-0.0034061043340275488
2020-07-17,68.0,0.0107015457788346,0,0.00284863958800452
2020-07-20,65.17,-0.0416176470588235,0,0.008406905384326757
2020-07-21,66.23,0.0162651526776125,0,0.0016790493997245193
2020-07-22,67.89,0.0250641703155669,0,0.005747091149111094
2020-07-23,66.82,-0.0157607895124467,0,-0.012319827107282633
2020-07-24,68.99,0.032475306794373,0,-0.0061903908321639944
2020-07-27,67.0,-0.0288447601101607,0,0.007395129414764723
2020-07-28,66.53,-0.0070149253731343,0,-0.006473401020556158
2020-07-29,69.16,0.0395310386291898,0,0.012428381451883519
2020-07-30,68.91,-0.0036148062463852,0,-0.0037502608610255894
2020-07-31,66.58,-0.0338122188361631,0,0.007670459796317086
2020-08-03,65.35,-0.0184740162210874,0,0.007181026681992719
2020-08-04,67.09,0.0266258607498088,0,0.0036119601409574376
2020-08-05,66.45,-0.0095394246534505,0,0.0064297401187354275
2020-08-06,67.1,0.0097817908201653,0,0.006427727877827971
2020-08-07,69.36,0.0336810730253354,0,0.0006329945419150107
2020-08-10,71.52,0.0311418685121107,0,0.0027422358024395965
2020-08-11,73.81,0.0320190156599553,0,-0.007969123366671882
2020-08-12,74.22,0.0055548028722394,0,0.013996502374245878
2020-08-13,74.17,-0.0006736728644569,0,-0.0020471252976762555
2020-08-14,73.75,-0.0056626668464339,0,-0.00017193183199293305
2020-08-17,73.6,-0.0020338983050848,0,0.0027098744385312123
2020-08-18,72.66,-0.0127717391304347,0,0.0023033775972136628
2020-08-19,70.07,-0.0356454720616571,0,-0.004404415625792857
2020-08-20,70.98,0.0129870129870131,0,0.0031586589033587575
2020-08-21,72.56,0.0222597914905606,0,0.0034411358997610275
2020-08-24,72.71,0.0020672546857771,0,0.01004368354743379
2020-08-25,72.47,-0.0033007839361848,0,0.003596325569466652
2020-08-26,72.58,0.001517869463226,0,0.010195666188487662
2020-08-27,75.23,0.0365114356572058,0,0.0016730243508407128
2020-08-28,78.83,0.0478532500332313,0,0.006732576659826961
2020-08-31,76.03,-0.035519472282126,0,-0.0021949766391772263
2020-09-01,76.44,0.0053926081809811,0,0.00752504778148233
2020-09-02,79.23,0.0364992150706438,0,0.015365857116526938
2020-09-03,78.16,-0.0135049854852961,0,-0.03512583639592948
2020-09-04,78.32,0.0020470829068577,0,-0.008132999137496877
2020-09-08,78.18,-0.001787538304392,0,-0.027756378831384043
2020-09-09,77.71,-0.0060117677155284,0,0.020145024971186976
2020-09-10,78.91,0.0154420280530176,0,-0.017584790641843373
2020-09-11,76.15,-0.0349765555696361,0,0.0005330634075928486
2020-09-14,80.37,0.0554169402495074,0,0.01274180851668838
2020-09-15,81.92,0.019285803160383,0,0.005219385613883576
2020-09-16,81.56,-0.00439453125,0,-0.004618958014818264
2020-09-17,80.37,-0.0145904855321236,0,-0.00841237162124231
2020-09-18,78.93,-0.0179171332586786,0,-0.01118257020384228
2020-09-21,77.01,-0.024325351577347,0,-0.011571124305988612
2020-09-22,78.94,0.0250616803012595,0,0.010517942372282096
2020-09-23,78.95,0.0001266784899924,0,-0.02372141140135786
2020-09-24,85.37,0.0813172894236859,1,0.002987407782707008
2020-09-25,85.24,-0.0015227831791028,0,0.015976763311659203
2020-09-28,88.23,0.0350774284373534,0,0.016110548559024496
2020-09-29,88.43,0.0022668026748271,0,-0.004812626805108078
2020-09-30,88.37,-0.000678502770553,0,0.008253709372292528
2020-10-01,92.01,0.0411904492474821,0,0.005292893250074426
2020-10-02,91.42,-0.0064123464840778,0,-0.009577614765735931
2020-10-05,90.98,-0.0048129512141763,0,0.017972655760030154
2020-10-06,88.82,-0.0237414816443175,0,-0.01397347884762079
2020-10-07,89.01,0.0021391578473317,0,0.017396763434365692
2020-10-08,90.96,0.0219076508257498,0,0.008010083522448141
2020-10-09,89.74,-0.0134124890061565,0,0.008793587151092463
2020-10-12,88.14,-0.0178292845999553,0,0.016415789988323715
2020-10-13,86.89,-0.0141819832085319,0,-0.006306907889152336
2020-10-14,87.31,0.0048336977788008,0,-0.006623138843883547
2020-10-15,88.1,0.0090482189898064,0,-0.0015278028589691406
2020-10-16,87.05,-0.0119182746878546,0,0.00013492797142955482
2020-10-19,85.0,-0.0235496840896036,0,-0.016329822808936134
2020-10-20,86.53,0.018,0,0.0047272769717412455
2020-10-21,85.95,-0.0067028776147001,0,-0.002195682985199454
2020-10-22,87.83,0.0218731820826061,0,0.005218945382994278
2020-10-23,87.57,-0.0029602641466469,0,0.0034457896215134287
2020-10-26,83.94,-0.041452552243919,0,-0.01858953826264864
2020-10-27,84.33,0.0046461758398856,0,-0.0030256074002417144
2020-10-28,79.35,-0.0590537175382426,0,-0.03528790685054317
2020-10-29,81.4,0.0258349086326403,0,0.011947307117329942
2020-10-30,80.88,-0.0063882063882064,0,-0.012129506270184387
2020-11-02,80.81,-0.0008654797230464,0,0.01231819349472163
2020-11-03,81.91,0.013612176710803,0,0.017799313644932147
2020-11-04,84.99,0.0376022463679648,0,0.022047038430944355
2020-11-05,89.32,0.0509471702553241,0,0.019460190971818836
2020-11-06,89.85,0.0059337214509629,0,-0.00028771240154390476
2020-11-09,106.07,0.1805230940456317,0,0.011699872344305584
2020-11-10,99.73,-0.059771848779108,0,-0.001399802844669673
2020-11-11,94.22,-0.0552491727664695,0,0.007651888434169196
2020-11-12,93.54,-0.0072171513479091,0,-0.009978559392721298
2020-11-13,94.66,0.0119734872781696,0,0.013610365817456005
2020-11-16,96.85,0.023135432072681,0,0.011648048198820149
2020-11-17,95.49,-0.0140423335054207,0,-0.004791957892531062
2020-11-18,96.93,0.0150801131008484,0,-0.01156383241031389
2020-11-19,96.61,-0.0033013514907666,0,0.003946420613320845
2020-11-20,95.42,-0.012317565469413,0,-0.0067925413261787915
2020-11-23,96.42,0.0104799832320268,0,0.00563591695385024
2020-11-24,99.83,0.0353661066168844,0,0.016161717804443754
2020-11-25,97.29,-0.0254432535310026,0,-0.0015844155129681736
2020-11-27,96.74,-0.0056532017679105,0,0.0023969253233782073
2020-11-30,95.01,-0.0178829853214801,0,-0.0045954897137437944
2020-12-01,97.23,0.023365961477739,0,0.011271167954760575
2020-12-02,96.46,-0.007919366450684,0,0.0017911507324332998
2020-12-03,99.24,0.0288202363674061,0,-0.0006241465681479097
2020-12-04,101.03,0.018037081821846,0,0.008836235109307422
2020-12-07,98.65,-0.0235573592002374,0,-0.0019355954929820562
2020-12-08,98.24,-0.0041561074505829,0,0.002787137455443789
2020-12-09,100.65,0.0245317589576548,0,-0.007949220068876994
2020-12-10,101.57,0.0091405861897664,0,-0.0012851160688518437
2020-12-11,99.18,-0.0235305700502115,0,-0.001264960061067022
2020-12-14,98.99,-0.0019157088122606,0,-0.004359266922526861
2020-12-15,100.68,0.0170724315587433,0,0.012921214314501217
2020-12-16,102.49,0.0179777512912195,0,0.0017728480872187813
2020-12-17,104.37,0.0183432530002927,0,0.005757638800703457
2020-12-18,102.2,-0.0207914151576124,1,-0.0035111001267972286
2020-12-21,102.87,0.0065557729941292,0,-0.003906281591951277
2020-12-22,105.27,0.0233304170312043,0,-0.0020731166033364223
2020-12-23,105.21,-0.000569962952408,0,0.0007458112528002658
2020-12-24,103.73,-0.014067103887463,0,0.0035365757816374632
2020-12-28,103.59,-0.0013496577653523,0,0.008722515973276224
2020-12-29,104.32,0.0070470122598704,0,-0.0022273622890431888
2020-12-30,103.43,-0.0085314417177913,0,0.0013415471795312772
2020-12-31,104.81,0.013342357149763,0,0.00643883774021714
2021-01-04,102.27,-0.0242343287854213,0,-0.01475478359029514
2021-01-05,103.91,0.0160359831817737,0,0.007082539553862066
2021-01-06,106.38,0.0237705706861706,0,0.005709900559720538
2021-01-07,109.39,0.0282947922541831,0,0.01484736429268918
2021-01-08,109.75,0.0032909772374074,0,0.005491890982414871
2021-01-11,110.55,0.0072892938496582,0,-0.006554796741165214
2021-01-12,112.38,0.0165535956580733,0,0.0004158321511944507
2021-01-13,110.2,-0.0193984694785548,0,0.0022756031663768717
2021-01-14,108.64,-0.0141560798548094,0,-0.003753438464607517
2021-01-15,106.86,-0.0163843888070692,0,-0.00719001775768402
2021-01-19,109.54,0.0250795433277186,0,0.008136402839514334
2021-01-20,109.93,0.0035603432536059,0,0.013935576257400273
2021-01-21,110.28,0.0031838442645319,0,0.0003167309215053038
2021-01-22,107.65,-0.0238483859267318,0,-0.0030105863636010755
2021-01-25,105.91,-0.0161634928007432,0,0.003615803325289546
2021-01-26,104.65,-0.0118968935888961,0,-0.0014888363213811928
2021-01-27,98.94,-0.054562828475872,0,-0.025677859113367063
2021-01-28,104.83,0.0595310289064079,0,0.009760662477304782
2021-01-29,103.16,-0.0159305542306591,0,-0.019311502938707092
2021-02-01,105.34,0.021132221791392,0,0.01605173602136656
2021-02-02,108.4,0.0290487943801025,0,0.013898236818535858
2021-02-03,110.8,0.0221402214022139,0,0.001008804827627774
2021-02-04,113.58,0.0250902527075811,0,0.01085330416143404
2021-02-05,116.48,0.0255326642014439,0,0.003897472454245321
2021-02-08,114.97,-0.0129635989010989,0,0.007399345996609075
2021-02-09,114.17,-0.0069583369574671,0,-0.0011134975827398197
2021-02-10,113.83,-0.0029780152404309,0,-0.0003451599624669788
2021-02-11,113.78,-0.0004392515154176,0,0.0016624551137118804
2021-02-12,113.36,-0.0036913341536298,0,0.004710983101741784
2021-02-16,113.79,0.0037932251235004,0,-0.0005692749114954987
2021-02-17,113.21,-0.0050971087090254,0,-0.0003203995331321208
2021-02-18,114.72,0.0133380443423727,0,-0.004415808390544673
2021-02-19,118.27,0.0309449093444909,0,-0.0018548941356217874
2021-02-22,119.15,0.0074406020123447,0,-0.007732849379657014
2021-02-23,118.54,-0.005119597146454,0,0.0012562878885591378
2021-02-24,122.48,0.0332377256622236,0,0.01135166191319037
2021-02-25,120.03,-0.0200032658393207,0,-0.024478846903396523
2021-02-26,121.2,0.0097475631092227,0,-0.004750165824920272
2021-03-01,122.69,0.0122937293729372,0,0.023790719336683086
2021-03-02,122.64,-0.0004075311761349,0,-0.008080844323930969
2021-03-03,121.82,-0.006686236138291,0,-0.01306620434127681
2021-03-04,120.59,-0.0100968642259069,0,-0.013417213827191521
2021-03-05,124.14,0.0294385935815573,0,0.019495975820425837
2021-03-08,126.23,0.016835830513936,0,-0.005359271617984662
2021-03-09,122.96,-0.0259050938762577,0,0.014154683554241432
2021-03-10,125.4,0.0198438516590762,0,0.006030283013025661
2021-03-11,124.48,-0.0073365231259968,0,0.010395479646353678
2021-03-12,128.33,0.0309286632390746,0,0.0010153985185334946
2021-03-15,129.07,0.0057663835424295,0,0.006491958593476621
2021-03-16,124.04,-0.0389711009529711,0,-0.0015696886322292825
2021-03-17,124.66,0.0049983876168977,0,0.0028793426720601367
2021-03-18,123.53,-0.0090646558639498,0,-0.014760500437832724
2021-03-19,123.37,-0.0012952319274669,0,-0.0006027388863633076
2021-03-22,120.68,-0.0218043284428953,0,0.0070251207482558975
2021-03-23,120.69,8.286377195876327e-05,0,-0.0076308370066411335
2021-03-24,118.2,-0.0206313696246581,0,-0.005467303581109473
2021-03-25,127.88,0.0818950930626056,1,0.00524023305923671
2021-03-26,131.48,0.0281513919299343,0,0.016631197691788335
2021-03-29,126.84,-0.0352905384849405,0,-0.0008680249789911887
2021-03-30,128.03,0.009381898454746,0,-0.003157823166939022
2021-03-31,125.32,-0.0211669140045303,0,0.003622538555784205
2021-04-01,127.34,0.0161187360357486,0,0.011825144919693331
2021-04-05,127.19,-0.0011779487984923,0,0.014438277854756487
2021-04-06,127.49,0.0023586759965406,0,-0.0009735379152555623
2021-04-07,128.63,0.0089418777943368,0,0.0014752303666720756
2021-04-08,129.41,0.0060639042214103,0,0.004220639958823158
2021-04-09,127.06,-0.0181593385364345,0,0.007719962803593772
2021-04-12,127.59,0.0041712576735399,0,-0.000196182910288778
2021-04-13,127.02,-0.0044674347519398,0,0.00329458162447116
2021-04-14,127.99,0.0076365926625727,0,-0.0040878020277237415
2021-04-15,127.12,-0.0067974060473473,0,0.011094247768300924
2021-04-16,129.93,0.0221050975456262,0,0.0036087492386858155
2021-04-19,129.6,-0.0025398291387671,0,-0.005306453038726788
2021-04-20,126.92,-0.0206790123456789,0,-0.006802361610853236
2021-04-21,126.88,-0.0003151591553735,0,0.009306060063749566
2021-04-22,128.83,0.0153688524590165,0,-0.009210671343885979
2021-04-23,127.83,-0.0077621671970815,0,0.010928710658818286
2021-04-26,126.21,-0.0126730814362826,0,0.001782224167916624
2021-04-27,126.67,0.0036447191189288,0,-0.0002149192142553158
2021-04-28,127.75,0.0085260914186469,0,-0.0008455306301830001
2021-04-29,129.83,0.0162818003913896,0,0.006762797680233579
2021-04-30,130.28,0.0034660710159437,0,-0.007194637501869883
2021-05-03,128.4,-0.014430457476205,0,0.0027480346410215795
2021-05-04,127.64,-0.0059190031152648,0,-0.006678337857112138
2021-05-05,126.29,-0.0105766217486681,0,0.0007035388242977447
2021-05-06,125.86,-0.0034048618259562,0,0.008165390549454088
2021-05-07,126.42,0.0044493882091212,0,0.007373346471123199
2021-05-10,124.92,-0.0118652112007593,0,-0.010435666020885526
2021-05-11,122.02,-0.0232148575088056,0,-0.008673894514173552
2021-05-12,117.1,-0.0403212588100311,0,-0.021449387057151936
2021-05-13,118.96,0.0158838599487618,0,0.012173151138064053
2021-05-14,123.88,0.0413584398117015,0,0.014917933130699224
2021-05-17,123.44,-0.0035518243461414,0,-0.0025300382141189015
2021-05-18,123.99,0.0044556059624107,0,-0.008517302421882755
2021-05-19,124.27,0.0022582466327929,0,-0.0029434351705374118
2021-05-20,125.3,0.0082884042810009,0,0.010554756443649449
2021-05-21,124.98,-0.0025538707102952,0,-0.0007838196541576359
2021-05-24,125.52,0.0043206913106095,0,0.009911305963146155
2021-05-25,124.69,-0.006612492033142,0,-0.002125302295660103
2021-05-26,125.73,0.0083406848985485,0,0.001876732575158746
2021-05-27,125.96,0.0018293167899465,0,0.0011653983922745859
2021-05-28,127.18,0.0096856144807877,0,0.0007688865190149663
2021-06-01,121.94,-0.0412014467683599,0,-0.0004923753184382651
2021-06-02,121.26,-0.0055765130391995,0,0.0014469162597214869
2021-06-03,119.38,-0.0155038759689922,0,-0.003628698801364849
2021-06-04,119.11,-0.0022616853744344,0,0.00883408659980689
2021-06-07,121.9,0.0234237259675931,0,-0.0007967110255822085
2021-06-08,124.98,0.0252666119770303,0,0.00017508493985585183
2021-06-09,123.13,-0.0148023683789406,0,-0.0018238764589828538
2021-06-10,121.56,-0.0127507512385283,0,0.004652154850635748
2021-06-11,123.52,0.0161237249095096,0,0.0019484900381676606
2021-06-14,122.09,-0.01157707253886,0,0.0018152110447704484
2021-06-15,121.39,-0.0057334753051028,0,-0.0020116799642784233
2021-06-16,121.17,-0.0018123403904769,0,-0.005390207201542929
2021-06-17,117.13,-0.0333415862012049,0,-0.0004356370007340127
2021-06-18,115.52,-0.0137454110817041,0,-0.013124547000611053
2021-06-21,118.48,0.025623268698061,0,0.01400232812106239
2021-06-22,120.4,0.0162052667116812,0,0.005124515064653945
2021-06-23,120.27,-0.0010797342192692,0,-0.0010832603310065858
2021-06-24,124.18,0.0325101854161471,1,0.005811157422250579
2021-06-25,127.96,0.0304396843291994,0,0.003330606657931945
2021-06-28,125.93,-0.0158643326039386,0,0.0023150419323942906
2021-06-29,127.67,0.0138172000317635,0,0.00027734984069871516
2021-06-30,129.63,0.0153520795801675,0,0.001328114078009257
2021-07-01,131.56,0.0148885288899174,0,0.005221640488656032
2021-07-02,131.53,-0.0002280328367284,0,0.0075001041681135305
2021-07-06,132.19,0.0050178666463924,0,-0.002021900862524517
2021-07-07,132.11,-0.000605189499962,0,0.003359011313352811
2021-07-08,128.77,-0.0252819620013625,0,-0.00856101125941644
2021-07-09,132.91,0.0321503455773859,0,0.01127795187024705
2021-07-12,134.14,0.0092543826649611,0,0.0034511562975592103
2021-07-13,131.85,-0.0170717161174891,0,-0.003516830382495284
2021-07-14,131.82,-0.0002275312855517,0,0.0011649703264435818
2021-07-15,129.54,-0.0172963131543013,0,-0.0032622362435132946
2021-07-16,126.79,-0.0212289640265553,0,-0.007538938952254881
2021-07-19,120.6,-0.0488208849278335,0,-0.015869531055010655
2021-07-20,126.91,0.0523217247097844,0,0.01516265155019747
2021-07-21,129.71,0.0220628792057364,0,0.008241847210077813
2021-07-22,128.99,-0.0055508441908873,0,0.0020166609692362503
2021-07-23,129.28,0.0022482362973872,0,0.010145438559535647
2021-07-26,131.81,0.0195699257425743,0,0.002382253008416102
2021-07-27,133.74,0.0146422881420227,0,-0.004712479931257563
2021-07-28,132.57,-0.0087483176312248,0,-0.00018630181803303003
2021-07-29,134.39,0.0137285962133211,0,0.004206206369982368
2021-07-30,130.49,-0.0290200163702655,0,-0.005406016994218166
2021-08-02,132.13,0.0125680128745495,0,-0.0018428943907755624
2021-08-03,131.34,-0.0059789601150381,0,0.008203484714484954
2021-08-04,130.96,-0.0028932541495355,0,-0.00463244520307915
2021-08-05,129.23,-0.0132101405009164,0,0.006005460335342772
2021-08-06,129.44,0.0016250096726766,0,0.0016752839177258672
2021-08-09,123.65,-0.044731149567367,0,-0.000939925887858073
2021-08-10,125.43,0.0143954710877476,0,0.000992701388653705
2021-08-11,126.21,0.0062186079885193,0,0.0012757085704626636
2021-08-12,126.99,0.0061801758973139,0,0.004146398013690877
2021-08-13,127.01,0.0001574927159619,0,0.0016073241975147479
2021-08-16,125.43,-0.0124399653570584,0,0.0026208594449417255
2021-08-17,122.7,-0.0217651279598182,0,-0.0070607249129965854
2021-08-18,122.56,-0.0011409942950285,0,-0.010748457761550978
2021-08-19,122.34,-0.0017950391644908,0,0.0012567410636163956
2021-08-20,124.62,0.0186365865620401,0,0.008141540696354754
2021-08-23,127.27,0.0212646445193387,0,0.008523820995256282
2021-08-24,130.49,0.0253005421544747,0,0.0014956926284677152
2021-08-25,134.32,0.0293509081155642,0,0.0022201269217136943
2021-08-26,132.81,-0.0112418106015484,0,-0.005824931775569864
2021-08-27,136.94,0.0310970559445824,0,0.008807606263982137
2021-08-30,134.05,-0.0211041331970205,0,0.00430658828173347
2021-08-31,134.76,0.0052965311450949,0,-0.001349146239944865
2021-09-01,135.23,0.0034876818046898,0,0.0003117620525883158
2021-09-02,134.68,-0.0040671448643051,0,0.0028425606033477546
2021-09-03,132.44,-0.0166320166320167,0,-0.000335026835208585
2021-09-07,131.99,-0.0033977650256719,0,-0.003395488410139813
2021-09-08,131.74,-0.001894082885067,0,-0.0013185753191903293
2021-09-09,132.55,0.0061484742674966,0,-0.004605599824548556
2021-09-10,132.98,0.0032440588457183,0,-0.0077226435922087555
2021-09-13,133.83,0.0063919386373891,0,0.0022765095613401787
2021-09-14,132.95,-0.0065755062392589,0,-0.00574659914561837
2021-09-15,133.29,0.0025573523881159,0,0.008473908688851006
2021-09-16,134.45,0.0087028284192363,0,-0.0015510969268194286
2021-09-17,133.67,-0.0058014131647452,0,-0.009110924839340617
2021-09-20,133.01,-0.004937532729857,0,-0.016977254629493954
2021-09-21,131.06,-0.0146605518382075,0,-0.0008123495489623656
2021-09-22,134.47,0.0260186174271326,0,0.009519566210937302
2021-09-23,142.68,0.0610545102996951,1,0.012134751708511082
2021-09-24,141.96,-0.0050462573591253,0,0.0014610090402744635
2021-09-27,142.96,0.0070442378134685,0,-0.0027763563072890074
2021-09-28,139.43,-0.0246922216004477,0,-0.020364114325326033
2021-09-29,137.47,-0.0140572330201534,0,0.001569166228234442
2021-09-30,135.5,-0.0143303993598603,0,-0.011909731939276913
2021-10-01,139.51,0.0295940959409592,0,0.011491477734391298
2021-10-04,139.12,-0.0027954985305711,0,-0.012985880322420762
2021-10-05,140.24,0.0080506037952847,0,0.010524455523362564
2021-10-06,140.75,0.0036366229321163,0,0.004102887438675262
2021-10-07,140.35,-0.002841918294849,0,0.00829828923697451
2021-10-08,139.25,-0.0078375489846811,0,-0.0019137407494954628
2021-10-11,137.83,-0.0101974865350088,0,-0.0068657858421348195
2021-10-12,137.1,-0.0052963795980557,0,-0.0024167715692277048
2021-10-13,134.74,-0.0172137126185265,0,0.003022536862308023
2021-10-14,135.65,0.0067537479590322,0,0.01706311013337003
2021-10-15,134.36,-0.0095097677847401,0,0.0074601307719690535
2021-10-18,134.04,-0.0023816612086932,0,0.0033748045900920953
2021-10-19,131.97,-0.0154431512981199,0,0.00739335690054066
2021-10-20,128.99,-0.0225808895961202,0,0.0036640167447334893
2021-10-21,131.18,0.0169780603147531,0,0.002995906256131331
2021-10-22,130.98,-0.0015246226558928,0,-0.0010725793335062406
2021-10-25,129.25,-0.0132081233776147,0,0.004748179277871856
2021-10-26,131.29,0.0157833655705994,0,0.0018197824144636776
2021-10-27,129.3,-0.0151572853987355,0,-0.005051597996847845
2021-10-28,130.58,0.0098994586233565,0,0.009829337739032606
2021-10-29,129.85,-0.0055904426405269,0,0.0019493431844783693
2021-11-01,133.34,0.026877165960724,0,0.0018000686154020507
2021-11-02,129.4,-0.0295485225738713,0,0.0036803672564356127
2021-11-03,130.77,0.0105873261205564,0,0.00646129593037692
2021-11-04,131.59,0.0062705513496978,0,0.004181891914508462
2021-11-05,139.16,0.0575271677179116,0,0.0037328581257503046
2021-11-08,138.17,-0.0071141132509342,0,0.0008877005575269603
2021-11-09,140.18,0.0145472968082798,0,-0.0034987345002870374
2021-11-10,136.65,-0.025181908974176,0,-0.008225815057894437
2021-11-11,136.12,-0.0038785217709477,0,0.0005509274303756584
2021-11-12,135.35,-0.0056567734352043,0,0.007222639253044116
2021-11-15,133.03,-0.0171407462135204,0,-1.0677258507119092e-05
2021-11-16,132.08,-0.007141246335413,0,0.003865208849406221
2021-11-17,132.42,0.0025741974560871,0,-0.0026016294752068125
2021-11-18,131.45,-0.0073251774656396,0,0.00338475516511072
2021-11-19,128.96,-0.018942563712438,0,-0.0013986489646171663
2021-11-22,132.32,0.0260545905707194,0,-0.0031971323723489764
2021-11-23,133.68,0.0102781136638452,0,0.0016570786727996278
2021-11-24,133.67,-7.480550568539357e-05,0,0.002293900697124096
2021-11-26,126.61,-0.0528166379890775,0,-0.02272485568312821
2021-11-29,127.69,0.0085301319011137,0,0.013200221128189193
2021-11-30,124.27,-0.0267836165713838,0,-0.01896130621854386
2021-12-01,123.11,-0.0093345135591855,0,-0.011815195971097037
2021-12-02,128.86,0.0467061977093656,0,0.014194423271231882
2021-12-03,128.23,-0.004889026850846,0,-0.00844858097922263
2021-12-06,132.1,0.0301801450518599,0,0.011730928977641941
2021-12-07,133.43,0.0100681302043907,0,0.020707063007576743
2021-12-08,135.7,0.0170126658172822,0,0.0030852936469836223
2021-12-09,134.67,-0.00759027266028,0,-0.007181129964413446
2021-12-10,136.76,0.0155194178361921,0,0.00954911139915815
2021-12-13,133.13,-0.0265428487861947,0,-0.009136209099282255
2021-12-14,134.34,0.0090888605122811,0,-0.007470598440341258
2021-12-15,134.25,-0.0006699419383653,0,0.016348409288555077
2021-12-16,132.54,-0.0127374301675978,0,-0.00874337823922211
2021-12-17,125.96,-0.0496453900709219,1,-0.010287726483131143
2021-12-20,124.37,-0.0126230549380754,0,-0.011388032826621375
2021-12-21,128.74,0.0351370909383292,0,0.017777943178882483
2021-12-22,130.74,0.0155351871990057,0,0.010180180373954517
2021-12-23,134.08,0.0255468869512007,0,0.006223704157936716
2021-12-27,135.33,0.0093227923627685,0,0.01383895602639984
2021-12-28,134.56,-0.0056897953151555,0,-0.0010101874482121298
2021-12-29,134.24,-0.0023781212841854,0,0.0014019033292591576
2021-12-30,134.52,0.0020858164481525,0,-0.002989739331450192
2021-12-31,135.7,0.0087719298245612,0,-0.0026262207741385435
2022-01-03,134.03,-0.012306558585114,0,0.00637407735335227
2022-01-04,136.57,0.018950981123629,0,-0.000629617892823231
2022-01-05,135.06,-0.0110566010104707,0,-0.01939276609770646
2022-01-06,132.8,-0.0167333037168665,0,-0.0009637108612128298
2022-01-07,132.2,-0.0045180722891567,0,-0.0040502124125595396
2022-01-10,133.4,0.0090771558245084,0,-0.0014410854751839564
2022-01-11,131.69,-0.0128185907046477,0,0.009160030747555226
2022-01-12,130.29,-0.0106310274128635,0,0.002817696321081753
2022-01-13,131.31,0.0078286898457289,0,-0.014243549462058636
2022-01-14,129.79,-0.0115756606503694,0,0.0008199131578892072
2022-01-18,126.49,-0.0254256876492795,0,-0.0183878958147915
2022-01-19,125.76,-0.005771207210056,0,-0.009689520243122751
2022-01-20,123.46,-0.0182888040712468,0,-0.01103742532143781
2022-01-21,122.33,-0.0091527620281872,0,-0.01891481307149878
2022-01-24,123.97,0.0134063598463174,0,0.0027717522294530283
2022-01-25,124.8,0.0066951681858513,0,-0.012171976789799865
2022-01-26,124.3,-0.0040064102564102,0,-0.0014966314315554285
2022-01-27,122.85,-0.0116653258246178,0,-0.005383994684971971
2022-01-28,125.72,0.0233618233618233,0,0.024347568825681787
2022-01-31,126.95,0.0097836461979001,0,0.018886018254227865
2022-02-01,126.96,7.877116975185672e-05,0,0.006862951356977565
2022-02-02,127.84,0.0069313169502205,0,0.009422549895085064
2022-02-03,125.78,-0.0161138923654567,0,-0.024391094221877574
2022-02-04,125.12,-0.0052472571155985,0,0.005156964694110977
2022-02-07,127.15,0.0162244245524296,0,-0.003701786234065696
2022-02-08,127.97,0.0064490758946125,0,0.008401224834796661
2022-02-09,133.14,0.0404000937719777,0,0.014517177775713597
2022-02-10,133.28,0.0010515247108309,0,-0.018115705073705524
2022-02-11,131.06,-0.016656662665066,0,-0.0189694676826343
2022-02-14,130.17,-0.0067907828475508,0,-0.0038405482229827426
2022-02-15,134.04,0.0297303526158101,0,0.015766743077059386
2022-02-16,135.11,0.007982691733811,0,0.0008812208263346832
2022-02-17,129.65,-0.0404115165420768,0,-0.021173137043269175
2022-02-18,131.37,0.0132664866949478,0,-0.007166241273349194
2022-02-22,130.6,-0.0058613077567177,0,-0.010142864698185927
2022-02-23,126.2,-0.0336906584992342,0,-0.018412176288573612
2022-02-24,128.49,0.0181458003169572,0,0.014956809844988816
2022-02-25,131.68,0.0248268347731339,0,0.022372746986266234
2022-02-28,131.8,0.0009113001215066,0,-0.002442612295166069
2022-03-01,126.96,-0.036722306525038,0,-0.015473463284818578
2022-03-02,127.49,0.0041745431632009,0,0.018642627244987553
2022-03-03,120.84,-0.0521609538002979,0,-0.005254711002293466
2022-03-04,119.84,-0.0082754054948692,0,-0.00793401612012401
2022-03-07,106.91,-0.1078938584779707,0,-0.02951809594651711
2022-03-08,111.37,0.0417173323356094,0,-0.007233836932796112
2022-03-09,116.68,0.0476789081440245,0,0.025698324022346508
2022-03-10,118.32,0.0140555365101129,0,-0.0042918454935622075
2022-03-11,117.08,-0.0104800540906017,0,-0.012961554353542182
2022-03-14,112.72,-0.0372394943628288,0,-0.00742095611408311
2022-03-15,112.89,0.0015081618168915,0,0.021408493905025416
2022-03-16,117.7,0.0426078483479492,0,0.022383840279651235
2022-03-17,118.39,0.0058623619371283,0,0.012347803738532281
2022-03-18,121.28,0.0244108455106004,0,0.011662250349640857
2022-03-21,119.06,-0.0183047493403694,0,-0.00043467350194470455
2022-03-22,119.8,0.0062153536032252,0,0.011304184094790948
2022-03-23,118.84,-0.0080133555926543,0,-0.012272780670315009
2022-03-24,120.17,0.0111915180074049,1,0.014343931206577842
2022-03-25,117.81,-0.0196388449696263,0,0.005066192347173759
2022-03-28,118.28,0.0039894745777098,0,0.007144963967017803
2022-03-29,121.95,0.03102806898884,0,0.012256530405287291
2022-03-30,119.5,-0.020090200902009,0,-0.006293721392175655
2022-03-31,120.67,0.0097907949790794,0,-0.015652532890091164
2022-04-01,118.05,-0.0217121074003481,0,0.0034102873691344016
2022-04-04,119.16,0.009402795425667,0,0.0080908782936564
2022-04-05,117.55,-0.0135112453843572,0,-0.012551716914267819
2022-04-06,116.62,-0.007911527009783,0,-0.009716869386889204
2022-04-07,115.35,-0.0108900703138399,0,0.004253372460194527
2022-04-08,115.74,0.0033810143042913,0,-0.0026509873983658894
2022-04-11,115.84,0.0008640055296353,0,-0.01687728929567678
2022-04-12,119.5,0.0315953038674032,0,-0.003417540503973915
2022-04-13,120.45,0.007949790794979,0,0.011174658040455254
2022-04-14,120.33,-0.0009962640099626,0,-0.012144137417661627
2022-04-18,121.42,0.0090584226709882,0,-0.000204890508788802
2022-04-19,123.95,0.020836764948114,0,0.016057599693967584
2022-04-20,125.03,0.0087131908027431,0,-0.0006185275905885579
2022-04-21,126.36,0.0106374470127168,0,-0.01475294038502506
2022-04-22,122.72,-0.0288065843621398,0,-0.02773997077607282
2022-04-25,126.45,0.0303943937418513,0,0.005697858972138148
2022-04-26,120.38,-0.0480031633056544,0,-0.02814632738377887
2022-04-27,119.66,-0.0059810599767403,0,0.002098103084882119
2022-04-28,122.58,0.0244024736754135,0,0.02474689050564538
2022-04-29,120.59,-0.0162342959699787,0,-0.03628454810495618
2022-05-02,121.57,0.0081267103408242,0,0.005675313957399952
2022-05-03,119.6,-0.0162046557538866,0,0.004837102743912469
2022-05-04,120.36,0.0063545150501673,0,0.0298624349775356
2022-05-05,116.73,-0.0301595214356928,0,-0.03564975338184306
2022-05-06,119.1,0.0203032639424312,0,-0.005674159064547379
2022-05-09,114.53,-0.0383711167086481,0,-0.032037134944001844
2022-05-10,116.17,0.014319392298961,0,0.00245788276325154
2022-05-11,111.24,-0.0424378066626496,0,-0.016463178415666024
2022-05-12,113.68,0.0219345559151384,0,-0.0012960017076728558
2022-05-13,117.24,0.0313159746657283,0,0.02386974310955492
2022-05-16,115.69,-0.0132207437734561,0,-0.003946429947140562
2022-05-17,118.1,0.0208315325438672,0,0.020169610355263545
2022-05-18,109.38,-0.0738357324301439,0,-0.04039522115020122
2022-05-19,106.8,-0.0235874931431705,0,-0.005833809077192775
2022-05-20,106.42,-0.0035580524344568,0,0.00014612424662696633
2022-05-23,106.57,0.0014095094906971,0,0.01855506797629536
2022-05-24,105.07,-0.0140752557004785,0,-0.008120792702107527
2022-05-25,109.96,0.0465404016370039,0,0.009450764687376267
2022-05-26,114.51,0.041378683157512,0,0.01988322907058282
2022-05-27,115.38,0.0075975897301545,0,0.024742227391912897
2022-05-31,114.43,-0.0082336626798403,0,-0.006274289122320975
2022-06-01,113.45,-0.0085641877130123,0,-0.007482787410912017
2022-06-02,116.15,0.0237990304098723,0,0.018431056049039052
2022-06-03,115.14,-0.0086956521739131,0,-0.016347364741597592
2022-06-06,115.27,0.0011290602744484,0,0.0031373675320187644
2022-06-07,114.35,-0.0079812613863103,0,0.009523393579413009
2022-06-08,113.86,-0.004285089637079,0,-0.010793908688002896
2022-06-09,113.02,-0.0073774811171614,0,-0.023798705952956634
2022-06-10,109.8,-0.0284905326490886,0,-0.02911031355312088
2022-06-13,104.62,-0.0471766848816028,0,-0.03876837415339185
2022-06-14,104.39,-0.002198432422099,0,-0.0037737056722930706
2022-06-15,106.69,0.0220327617587892,0,0.014592502168395916
2022-06-16,102.38,-0.0403974130658918,0,-0.032511959134456814
2022-06-17,104.54,0.0210978706778668,0,0.0022008470670371594
2022-06-21,104.09,-0.0043045724124737,0,0.02447725615264873
2022-06-22,105.39,0.0124891920453453,0,-0.0013015334188627437
2022-06-23,105.83,0.0041749691621595,1,0.009532193760987795
2022-06-24,109.68,0.0363790985542853,0,0.03056329085577736
2022-06-27,111.62,0.0176878191101386,0,-0.002973101484249896
2022-06-28,105.37,-0.0559935495430926,0,-0.02014302160708281
2022-06-29,104.24,-0.0107241150232515,0,-0.000711753084481459
2022-06-30,103.55,-0.0066193399846508,0,-0.008759227302603145
2022-07-01,104.68,0.0109126026074362,0,0.010553762105785847
2022-07-05,108.49,0.0363966373710353,0,0.0015841770513915776
2022-07-06,106.84,-0.0152087750023043,0,0.0035731157621645693
2022-07-07,108.49,0.0154436540621489,0,0.014964578110208349
2022-07-08,108.03,-0.0042400221218544,0,-0.0008302114989416909
2022-07-11,106.79,-0.0114782930667406,0,-0.011527473598367033
2022-07-12,107.15,0.0033711021631239,0,-0.009243908956706903
2022-07-13,107.58,0.0040130657956134,0,-0.004456897454697795
2022-07-14,107.45,-0.0012084030488938,0,-0.00299859539478875
2022-07-15,108.31,0.0080037226617031,0,0.019201241036518768
2022-07-18,107.7,-0.005631982273105,0,-0.008363619420370894
2022-07-19,111.18,0.0323119777158775,0,0.027628333137554417
2022-07-20,112.75,0.0141212448282064,0,0.005895816028186118
2022-07-21,112.57,-0.0015964523281597,0,0.009861360135356989
2022-07-22,112.25,-0.0028426756684728,0,-0.009332449768064022
2022-07-25,109.88,-0.0211135857461024,0,0.0013151152429682345
2022-07-26,106.48,-0.0309428467419001,0,-0.011543193070554847
2022-07-27,112.36,0.0552216378662659,0,0.026156259165274642
2022-07-28,117.09,0.0420968316126735,0,0.012133382708562568
2022-07-29,115.16,-0.0164830472286275,0,0.014207733466259809
2022-08-01,115.4,0.0020840569642237,0,-0.0028230463236237346
2022-08-02,114.83,-0.0049393414211439,0,-0.006662409587654183
2022-08-03,117.36,0.0220325698859182,0,0.015638481713144525
2022-08-04,116.35,-0.0086059986366735,0,-0.0007773448499099889
2022-08-05,114.32,-0.0174473571121616,0,-0.0016257460367924415
2022-08-08,115.94,0.0141707487753675,0,-0.0012375789770792123
2022-08-09,116.36,0.0036225633948594,0,-0.004248730694724312
2022-08-10,120.14,0.0324853901684427,0,0.021290634013103604
2022-08-11,120.47,0.0027467954053603,0,-0.0007054229687617486
2022-08-12,122.02,0.0128662737611022,0,0.01732239670855429
2022-08-15,122.3,0.0022947057859368,0,0.00396948705068767
2022-08-16,124.28,0.0161896974652493,0,0.0018756661407353103
2022-08-17,122.75,-0.0123109108464757,0,-0.0072377589891293725
2022-08-18,122.45,-0.0024439918533604,0,0.0022695154935377104
2022-08-19,119.39,-0.0249897917517354,0,-0.012899942573545653
2022-08-22,117.61,-0.0149091213669486,0,-0.021400124867564707
2022-08-23,117.45,-0.0013604285349885,0,-0.0022378014446627903
2022-08-24,118.11,0.0056194125159643,0,0.0029161509713642175
2022-08-25,120.86,0.0232833799000931,0,0.014091582000449021
2022-08-26,115.6,-0.0435214297534337,0,-0.033688010821315006
2022-08-29,115.35,-0.0021626297577854,0,-0.0066664037893761074
2022-08-30,114.13,-0.0105765062852188,0,-0.011028107408059928
2022-08-31,114.44,0.0027162008236221,0,-0.007817046982559583
2022-09-01,116.49,0.0179133170220202,0,0.002996207332490508
2022-09-02,115.79,-0.0060090994935186,0,-0.010736478566116592
2022-09-06,113.97,-0.0157181103722255,0,-0.004095039574340209
2022-09-07,118.45,0.0393085899798193,0,0.018340971140093032
2022-09-08,120.68,0.0188265090755592,0,0.006610768693449787
2022-09-09,121.22,0.0044746436857805,0,0.015271405678227268
2022-09-12,123.7,0.0204586701864379,0,0.01058426104401855
2022-09-13,119.06,-0.0375101050929668,0,-0.043236562775976095
2022-09-14,120.53,0.012346715941542,0,0.0033869946525153516
2022-09-15,120.65,0.000995602754501,0,-0.011317761485652666
2022-09-16,119.96,-0.0057190219643598,0,-0.007182129262947479
2022-09-19,122.59,0.0219239746582193,0,0.006857148758303566
2022-09-20,122.8,0.0017130271637164,0,-0.011272112803181633
2022-09-21,121.44,-0.0110749185667752,0,-0.017116493297336777
2022-09-22,116.05,-0.0443840579710145,0,-0.008427596288058115
2022-09-23,113.21,-0.0244722102542007,1,-0.01723261637204987
2022-09-26,112.08,-0.0099814504019078,0,-0.010340542018774879
2022-09-27,114.32,0.0199857244825123,0,-0.0021203598319033956
2022-09-28,118.15,0.0335024492652205,0,0.019672140136923533
2022-09-29,119.63,0.0125264494286922,0,-0.021126419721218426
2022-09-30,116.85,-0.0232383181476218,0,-0.01506673588849794
2022-10-03,116.01,-0.0071887034659818,0,0.025883947546031072
2022-10-04,122.31,0.0543056633048875,0,0.030583700111188827
2022-10-05,123.12,0.0066225165562914,0,-0.0020179744811957834
2022-10-06,120.9,-0.0180311890838206,0,-0.010245078344716774
2022-10-07,117.33,-0.0295285359801489,0,-0.028003589245083504
2022-10-10,118.25,0.0078411318503366,0,-0.007492458086744369
2022-10-11,119.99,0.0147145877378433,0,-0.006519229651283376
2022-10-12,121.6,0.0134177848154013,0,-0.0032907569019515748
2022-10-13,124.13,0.0208059210526316,0,0.025965675434648228
2022-10-14,121.38,-0.0221541931845645,0,-0.023662705624933444
2022-10-17,123.17,0.0147470753007086,0,0.026480085513260976
2022-10-18,124.57,0.0113664041568564,0,0.011427561549232745
2022-10-19,124.16,-0.0032913221481897,0,-0.006672078882144605
2022-10-20,123.44,-0.0057989690721649,0,-0.007950941231232078
2022-10-21,124.46,0.0082631237848347,0,0.023724828003862664
2022-10-24,125.09,0.0050618672665918,0,0.011881953234294862
2022-10-25,126.93,0.0147094092253576,0,0.01626664981276371
2022-10-26,129.31,0.0187504923973842,0,-0.007387713747470381
2022-10-27,131.37,0.0159307091485576,0,-0.006082598026418751
2022-10-28,133.02,0.0125599451929665,0,0.024626375646783716
2022-10-31,133.62,0.0045105999097878,0,-0.007454384193014141
2022-11-01,133.53,-0.0006735518634934,0,-0.00410126085362017
2022-11-02,130.42,-0.0232906462967124,0,-0.025001944970306722
2022-11-03,130.2,-0.001686857843889,0,-0.010585979163175718
2022-11-04,131.94,0.0133640552995393,0,0.013618682272863003
2022-11-07,130.54,-0.0106108837350311,0,0.00961398204505981
2022-11-08,130.82,0.0021449364179562,0,0.005597877482399927
2022-11-09,130.37,-0.0034398410029046,0,-0.020777877333723382
2022-11-10,135.67,0.0406535245838766,0,0.05543447234545429
2022-11-11,131.78,-0.0286725141888404,0,0.009240793960120008
2022-11-14,133.05,0.0096372742449537,0,-0.008935794015923149
2022-11-15,133.59,0.0040586245772264,0,0.008713121485880437
2022-11-16,135.76,0.0162437308181748,0,-0.008252061136399536
2022-11-17,136.34,0.0042722451384797,0,-0.003089327799655983
2022-11-18,137.36,0.0074812967581048,0,0.004758574556069206
2022-11-21,136.95,-0.0029848573092605,0,-0.0038836518432215916
2022-11-22,138.15,0.0087623220153341,0,0.013579953113211918
2022-11-23,138.47,0.0023163228374953,0,0.0059147063378277576
2022-11-25,138.52,0.0003610890445584,0,-0.0002830708720074071
2022-11-28,137.06,-0.0105399942246607,0,-0.01544414970244301
2022-11-29,135.32,-0.0126951699985408,0,-0.0015918505325509535
2022-11-30,137.22,0.0140407921962755,0,0.030947814727501077
2022-12-01,135.97,-0.0091094592624981,0,-0.0008676236670089876
2022-12-02,135.81,-0.0011767301610648,0,-0.0011946317615054713
2022-12-05,134.0,-0.013327442750902,0,-0.017894245646781326
2022-12-06,133.36,-0.0047761194029849,0,-0.014399175760970717
2022-12-07,132.76,-0.0044991001799641,0,-0.001862348589029894
2022-12-08,134.21,0.0109219644471227,0,0.007521759466384781
2022-12-09,133.09,-0.0083451307652187,0,-0.007349546235533633
2022-12-12,134.88,0.0134495454203922,0,0.014279251114533986
2022-12-13,135.39,0.0037811387900354,0,0.007289703700733785
2022-12-14,134.38,-0.0074599305709431,0,-0.006052765788066128
2022-12-15,133.36,-0.0075904152403629,0,-0.024921658340258168
2022-12-16,130.6,-0.0206958608278345,1,-0.011137778348199956
2022-12-19,129.25,-0.0103369065849923,0,-0.009007465553582783
2022-12-20,130.43,0.0091295938104449,0,0.0010372846193742458
2022-12-21,129.34,-0.0083569730890132,0,0.014868040255179737
2022-12-22,128.18,-0.0089686098654708,0,-0.014451686760656446
2022-12-23,129.61,0.0111561866125762,0,0.005868056373107056
2022-12-27,128.58,-0.0079469176761052,0,-0.004049604402806883
2022-12-28,129.59,0.0078550318867629,0,-0.01202063067180259
2022-12-29,130.77,0.0091056408673508,0,0.017461316021801565
2022-12-30,129.13,-0.012541102699396,0,-0.0025407348906808513
2023-01-03,130.66,0.0118485247425075,0,-0.004000520901158988
2023-01-04,133.52,0.0218888718812184,0,0.00753894993384141
2023-01-05,134.71,0.008912522468544,0,-0.01164556173549236
2023-01-06,137.21,0.0185583846781975,0,0.02284078674404566
2023-01-09,139.4,0.0159609357918519,0,-0.0007676350678290644
2023-01-10,141.48,0.0149210903873744,0,0.006978255898501873
2023-01-11,140.86,-0.0043822448402599,0,0.012849397206098123
2023-01-12,139.97,-0.0063183302569929,0,0.00341595270064321
2023-01-13,141.0,0.0073587197256554,0,0.003996816605869258
2023-01-17,140.26,-0.0052482269503546,0,-0.0020304619300891558
2023-01-18,137.88,-0.0169684870953942,0,-0.01556263264319191
2023-01-19,136.85,-0.0074702639976791,0,-0.007638348019527341
2023-01-20,138.72,0.0136645962732919,0,0.01891839901509429
2023-01-23,139.4,0.0049019607843137,0,0.011881357596139619
2023-01-24,137.41,-0.0142754662840747,0,-0.0007114764130643492
2023-01-25,139.1,0.0122989593188269,0,-0.00018172991946630024
2023-01-26,140.53,0.0102803738317758,0,0.011007863115068517
2023-01-27,139.66,-0.0061908489290543,0,0.002494809663015962
2023-01-30,138.29,-0.0098095374480882,0,-0.012968731575016657
2023-01-31,139.28,0.0071588690433148,0,0.014642450911824145
2023-02-01,138.42,-0.0061746122917863,0,0.010452337732424155
2023-02-02,139.23,0.0058517555266579,0,0.01469942051995421
2023-02-03,138.76,-0.0033757092580621,0,-0.010354661511665864
2023-02-06,140.99,0.0160709138080139,0,-0.006140486597300043
2023-02-07,140.8,-0.0013476133059081,0,0.01287252984617182
2023-02-08,139.73,-0.007599431818182,0,-0.011080691642651352
2023-02-09,139.08,-0.0046518285264437,0,-0.008829829085981511
2023-02-10,138.39,-0.0049611734253668,0,0.0021952713463186946
2023-02-13,139.16,0.005563985837127,0,0.011448590134117032
2023-02-14,137.72,-0.0103478010922678,0,-0.0002803767683676739
2023-02-15,138.05,0.0023961661341853,0,0.0027731236687436045
2023-02-16,137.2,-0.0061571894241219,0,-0.01378869707782826
2023-02-17,137.51,0.0022594752186588,0,-0.0027674487398573477
2023-02-21,139.16,0.0119991273361936,0,-0.020041234687148357
2023-02-22,140.16,0.0071859729807415,0,-0.0015735464083616035
2023-02-23,139.57,-0.0042094748858447,0,0.0053294245875146196
2023-02-24,136.04,-0.025291968188006,0,-0.010537544363360851
2023-02-27,134.29,-0.0128638635695383,0,0.0030730168965551474
2023-02-28,134.59,0.0022339712562364,0,-0.0030359797500902896
2023-03-01,135.21,0.0046065829556432,0,-0.004725262269687613
2023-03-02,138.5,0.0243325197840396,0,0.0075821419804169565
2023-03-03,138.69,0.0013718411552345,0,0.0161477890665227
2023-03-06,139.56,0.0062729829115293,0,0.0006871595099910977
2023-03-07,137.92,-0.0117512181140728,0,-0.015326967063694075
2023-03-08,137.17,-0.0054379350348028,0,0.001414821002566402
2023-03-09,136.16,-0.0073631260479696,0,-0.018459372596762003
2023-03-10,135.51,-0.0047737955346651,0,-0.014478143694236278
2023-03-13,137.44,0.0142424913290533,0,-0.0015097408062482165
2023-03-14,138.91,0.0106955762514551,0,0.016476647924144494
2023-03-15,139.08,0.0012238139802751,0,-0.006980856226510457
2023-03-16,141.53,0.0176157607132585,0,0.017561980816715783
2023-03-17,139.78,-0.0123648696389457,0,-0.01101942286909019
2023-03-20,141.78,0.0143081985977966,0,0.008918358593079878
2023-03-21,143.48,0.0119904076738608,0,0.012982181765728518
2023-03-22,142.18,-0.0090604962364091,0,-0.01646318766285193
2023-03-23,141.68,-0.0035166690111126,1,0.002984528711166279
2023-03-24,143.62,0.0136928289102202,0,0.0056398022650376856
2023-03-27,144.77,0.008007241331291,0,0.0016469444647304599
2023-03-28,145.4,0.0043517303308695,0,-0.0015738410521103363
2023-03-29,145.59,0.0013067400275104,0,0.014237259113583312
2023-03-30,144.84,-0.0051514527096641,0,0.0057152646227105475
2023-03-31,146.05,0.0083540458436897,0,0.014436547571732294
2023-04-03,144.85,-0.0082163642588155,0,0.0036989178231867648
2023-04-04,144.1,-0.0051777701070072,0,-0.0057970522559043225
2023-04-05,144.07,-0.000208188757807,0,-0.0024923181973370845
2023-04-06,142.03,-0.0141597834386061,0,0.003579129567424122
2023-04-10,143.74,0.0120397099204394,0,0.0009963410653295313
2023-04-11,145.62,0.01307917072492,0,-4.137148920324574e-05
2023-04-12,143.97,-0.0113308611454471,0,-0.004134886369720592
2023-04-13,145.61,0.0113912620684866,0,0.013262625398648753
2023-04-14,144.61,-0.0068676601881738,0,-0.0020693547375681964
2023-04-17,143.98,-0.0043565451905125,0,0.0033062325383550473
2023-04-18,144.03,0.0003472704542297,0,0.0008551496873283604
2023-04-19,143.79,-0.0016663195167674,0,-8.423849602978706e-05
2023-04-20,142.25,-0.0107100632867375,0,-0.005952552882162232
2023-04-21,144.07,0.0127943760984181,0,0.0009031936248575789
2023-04-24,141.62,-0.0170056222669534,0,0.0008515744450250384
2023-04-25,138.96,-0.0187826578166925,0,-0.015810821263512076
2023-04-26,140.91,0.0140328151986182,0,-0.003841213469789828
2023-04-27,143.45,0.0180256901568376,0,0.019566123190639217
2023-04-28,144.15,0.004879749041478,0,0.008253231286347917
2023-05-01,143.51,-0.0044398196323275,0,-0.0003861392787588569
2023-05-02,144.05,0.0037628039857851,0,-0.011586253889876552
2023-05-03,143.71,-0.0023602915654287,0,-0.006998286233062534
2023-05-04,145.09,0.0096026720478741,0,-0.007218725172645657
2023-05-05,145.25,0.0011027638017782,0,0.018474744042430657
2023-05-08,142.54,-0.018657487091222,0,0.0004521003324267081
2023-05-09,142.63,0.0006314017118003,0,-0.004579374208577791
2023-05-10,141.42,-0.0084834887471079,0,0.004483913021312569
2023-05-11,139.48,-0.0137180031112996,0,-0.0016966193288928677
2023-05-12,140.94,0.0104674505305419,0,-0.0015832974226629437
2023-05-15,144.11,0.0224918404995033,0,0.002958235533743192
2023-05-16,145.31,0.0083269724515993,0,-0.006377711373504735
2023-05-17,150.56,0.0361296538435069,0,0.011890800262780221
2023-05-18,153.83,0.0217189160467587,0,0.009445100354191105
2023-05-19,153.14,-0.0044854709744525,0,-0.001445909410321633
2023-05-22,152.97,-0.0011100953375995,0,0.00015505799168891166
2023-05-23,152.34,-0.0041184545989408,0,-0.011222073018606449
2023-05-24,152.24,-0.0006564264145988,0,-0.007318638164020563
2023-05-25,152.78,0.0035470310036782,0,0.00875769092446621
2023-05-26,153.02,0.0015708862416548,0,0.013048987300302572
2023-05-30,152.16,-0.0056201803685793,0,1.6645067709930572e-05
2023-05-31,150.4,-0.0115667718191376,0,-0.006108638170785219
2023-06-01,153.44,0.0202127659574467,0,0.009854467765435526
2023-06-02,155.64,0.0143378519290926,0,0.014534401637518846
2023-06-05,152.79,-0.0183114880493445,0,-0.002003563447343426
2023-06-06,154.72,0.0126317167353884,0,0.002353882619408054
2023-06-07,155.98,0.0081437435367113,0,-0.0038119915496573897
2023-06-08,154.99,-0.0063469675599434,0,0.006188606028794119
2023-06-09,153.62,-0.0088392799535453,0,0.0011481323635922358
2023-06-12,156.53,0.0189428459835958,0,0.009321075820101221
2023-06-13,157.53,0.0063885517153261,0,0.006932584761680793
2023-06-14,159.05,0.0096489557544594,0,0.0008194076003487094
2023-06-15,158.31,-0.0046526249607042,0,0.012178136985173449
2023-06-16,157.51,-0.0050533762870318,0,-0.0036716193988033385
2023-06-20,157.32,-0.0012062726176115,0,-0.0047351341054383544
2023-06-21,157.88,0.0035596236969235,0,-0.005245277085977551
2023-06-22,153.82,-0.0257157334684571,1,0.003710753626574581
2023-06-23,153.04,-0.0050708620465479,0,-0.007658795633847637
2023-06-26,153.31,0.0017642446419237,0,-0.004486779982200151
2023-06-27,155.02,0.0111538712412759,0,0.011455777787018118
2023-06-28,153.75,-0.0081924912914462,0,-0.00035400978894173374
2023-06-29,156.83,0.0200325203252034,0,0.004473526683512752
2023-06-30,158.52,0.0107759994898934,0,0.012269017659743087
2023-07-03,158.87,0.0022079232904363,0,0.0011706865481149187
2023-07-05,156.5,-0.0149178573676591,0,-0.0019683139606652134
2023-07-06,155.7,-0.005111821086262,0,-0.007922515415510367
2023-07-07,156.32,0.0039820166987798,0,-0.0028651801277997935
2023-07-10,158.72,0.0153531218014328,0,0.0024051194034939716
2023-07-11,159.3,0.0036542338709677,0,0.006742215156717579
2023-07-12,159.59,0.0018204645323289,0,0.007411145100759908
2023-07-13,161.12,0.0095870668588258,0,0.00847017995778332
2023-07-14,160.14,-0.0060824230387289,0,-0.001024381158481913
2023-07-17,161.87,0.0108030473335831,0,0.003855356437357571
2023-07-18,162.67,0.0049422375980723,0,0.007117288222535212
2023-07-19,163.98,0.0080531136657036,0,0.0023578588709500803
2023-07-20,164.67,0.004207830223198,0,-0.006756875147840957
2023-07-21,162.94,-0.0105058602052588,0,0.00032415482692993436
2023-07-24,162.66,-0.0017184239597397,0,0.004034089155574794
2023-07-25,160.5,-0.0132792327554407,0,0.002814712029929778
2023-07-26,161.65,0.0071651090342679,0,-0.00015544744781559316
2023-07-27,162.84,0.0073615836684193,0,-0.006424700279192064
2023-07-28,160.22,-0.0160894129206583,0,0.009877881875342887
2023-07-31,161.56,0.0083635001872426,0,0.0014687171966489831
2023-08-01,159.13,-0.0150408516959643,0,-0.0026650918726683903
2023-08-02,156.97,-0.0135738075787091,0,-0.01383957541738301
2023-08-03,155.83,-0.0072625342422117,0,-0.002547973917609636
2023-08-04,155.37,-0.0029519348007444,0,-0.00529999622380839
2023-08-07,157.61,0.0144171976572053,0,0.00902405745383561
2023-08-08,157.61,0.0,0,-0.004218270022397053
2023-08-09,156.78,-0.0052661633145105,0,-0.007038747560775049
2023-08-10,156.44,-0.0021686439596887,0,0.00025068771249703303
2023-08-11,153.49,-0.0188570698031192,0,-0.0010696312010077813
2023-08-14,154.23,0.0048211609876862,0,0.005750383620255262
2023-08-15,154.68,0.0029177202878818,0,-0.011550831677699436
2023-08-16,153.33,-0.0087276958882854,0,-0.0075554433893813
2023-08-17,151.96,-0.0089349768473228,0,-0.007712864385729601
2023-08-18,151.56,-0.0026322716504343,0,-0.00014872916647590273
2023-08-21,148.52,-0.0200580628134071,0,0.006879175048229769
2023-08-22,149.21,0.0046458389442498,0,-0.0027774179104816943
2023-08-23,149.49,0.0018765498291,0,0.011044888377340412
2023-08-24,148.8,-0.0046156933574151,0,-0.013458039995401183
2023-08-25,149.19,0.0026209677419353,0,0.006717988442317857
2023-08-28,148.4,-0.0052952610764795,0,0.0062645975336552695
2023-08-29,149.03,0.0042452830188679,0,0.014508347036412905
2023-08-30,150.29,0.0084546735556598,0,0.0038331298928546698
2023-08-31,148.73,-0.010379932131213,0,-0.0015969452055097921
2023-09-01,148.78,0.0003361796544074,0,0.0017991596526802933
2023-09-05,144.13,-0.0312542008334454,0,-0.00419419058100845
2023-09-06,142.46,-0.0115867619510163,0,-0.0069715777558858605
2023-09-07,143.33,0.006106977397164,0,-0.0032113009127796577
2023-09-08,142.92,-0.0028605316402708,0,0.0014266008258556617
2023-09-11,141.63,-0.009026028547439,0,0.006723514803174124
2023-09-12,143.21,0.011155828567394,0,-0.005695872498027943
2023-09-13,142.32,-0.0062146498149571,0,0.001241623523611013
2023-09-14,145.2,0.0202360876897131,0,0.008429883781315706
2023-09-15,143.52,-0.0115702479338841,0,-0.012159552507158722
2023-09-18,142.6,-0.0064102564102564,0,0.0007212964460983073
2023-09-19,143.18,0.0040673211781208,0,-0.0021511026084926055
2023-09-20,142.94,-0.0016762117614192,0,-0.009394795170962755
2023-09-21,139.15,-0.0265146215195186,1,-0.016400890463858953
2023-09-22,137.24,-0.0137261947538627,0,-0.0022956120092377796
2023-09-25,135.11,-0.0155202564849897,0,0.00402309227186648
2023-09-26,135.2,0.000666123899045,0,-0.01473449776826885
2023-09-27,135.26,0.0004437869822484,0,0.0002293186195019281
2023-09-28,136.86,0.0118290699393761,0,0.005893073124170867
2023-09-29,136.98,0.0008768084173607,0,-0.002709491359862204
2023-10-02,136.2,-0.005694261936049,0,7.92901202177898e-05
2023-10-03,133.73,-0.0181350954478707,0,-0.01374408577578079
2023-10-04,135.04,0.0097958573244596,0,0.008109801510834735
2023-10-05,134.96,-0.0005924170616112,0,-0.0013040164174730196
2023-10-06,132.2,-0.0204505038529936,0,0.011814879091820885
2023-10-09,132.33,0.0009833585476552,0,0.006303855170012751
2023-10-10,133.42,0.0082369832993272,0,0.0052079889028939785
2023-10-11,132.76,-0.0049467845900165,0,0.004293010254737606
2023-10-12,129.6,-0.0238023501054533,0,-0.006246436160046054
2023-10-13,129.36,-0.0018518518518516,0,-0.005018857024570056
2023-10-16,134.0,0.0358688930117501,0,0.010594367602978494
2023-10-17,135.93,0.014402985074627,0,-9.82433383229786e-05
2023-10-18,135.85,-0.0005885382182005,0,-0.013399821028088454
2023-10-19,137.33,0.0108943687891056,0,-0.008482848734926662
2023-10-20,135.8,-0.0111410471127939,0,-0.012585282842449641
2023-10-23,136.87,0.0078792341678939,0,-0.001685570558480065
2023-10-24,137.17,0.0021918608898954,0,0.007265792999205267
2023-10-25,137.27,0.0007290223809872,0,-0.014339629496305517
2023-10-26,137.27,0.0,0,-0.01183252000070445
2023-10-27,137.55,0.0020397756246812,0,-0.004800279437209509
2023-10-30,138.39,0.0061068702290074,0,0.012010020609951821
2023-10-31,140.49,0.0151745068285282,0,0.006474957201293208
2023-11-01,140.62,0.0009253327638978,0,0.01050599983337297
2023-11-02,141.79,0.0083202958327406,0,0.018858558951970528
2023-11-03,145.49,0.0260949291205305,0,0.009393728252176547
2023-11-06,144.12,-0.0094164547391573,0,0.0017529931764110884
2023-11-07,143.4,-0.0049958368026644,0,0.002840118382769319
2023-11-08,142.56,-0.005857740585774,0,0.0010049173713997384
2023-11-09,143.03,0.0032968574635241,0,-0.008083839868212928
2023-11-10,144.9,0.0130741802419074,0,0.01561643954095171
2023-11-13,146.01,0.0076604554865422,0,-0.0008358390048462949
2023-11-14,149.43,0.0234230532155332,0,0.019075019849033703
2023-11-15,150.42,0.0066251756675366,0,0.0015970104056315382
2023-11-16,150.29,-0.0008642467756947,0,0.0011904270473233058
2023-11-17,150.46,0.0011311464501964,0,0.001282050136001578
2023-11-20,148.7,-0.0116974611192345,0,0.007390277369660581
2023-11-21,149.48,0.005245460659045,0,-0.002020930787071218
2023-11-22,151.05,0.0105030773347607,0,0.0040611301518154175
2023-11-24,150.61,-0.0029129427341939,0,0.0005968722273035354
2023-11-27,151.31,0.004647765752606,0,-0.001954155713911332
2023-11-28,150.05,-0.0083272751305266,0,0.000980118323670176
2023-11-29,150.34,0.0019326891036319,0,-0.0009462489472908953
2023-11-30,151.05,0.0047226287082613,0,0.0037840714144734555
2023-12-01,154.37,0.0219794769943726,0,0.005873742540117632
2023-12-04,155.42,0.0068018397356999,0,-0.0054106382122774965
2023-12-05,154.5,-0.0059194440869899,0,-0.0005689564245028311
2023-12-06,155.67,0.0075728155339804,0,-0.003901759733051291
2023-12-07,155.51,-0.0010278152502087,0,0.007963775044786514
2023-12-08,153.44,-0.0133110410906051,0,0.004095447031782218
2023-12-11,155.62,0.0142075078206465,0,0.003924541087143574
2023-12-12,155.5,-0.0007711091119393,0,0.004599312482828077
2023-12-13,156.83,0.0085530546623795,0,0.013650782028946873
2023-12-14,157.44,0.0038895619460561,0,0.002647076319076902
2023-12-15,156.86,-0.0036839430894307,1,-7.62786203739596e-05
2023-12-18,161.38,0.0288155042713247,0,0.004532567098521234
2023-12-19,159.73,-0.010224315280704,0,0.005862164254509361
2023-12-20,156.52,-0.020096412696425,0,-0.014684293971092721
2023-12-21,156.59,0.0004472271914131,0,0.01030576756897128
2023-12-22,156.23,-0.0022989973816974,0,0.0016600797175336801
2023-12-26,158.31,0.0133137041541318,0,0.004227449396799532
2023-12-27,157.89,-0.0026530225506917,0,0.0014346330899692727
2023-12-28,158.58,0.0043701311039332,0,0.0003701697552487282
2023-12-29,158.61,0.0001891789632992,0,-0.002830646240299717
2024-01-02,156.66,-0.0122943067902403,0,-0.005660590965696821
2024-01-03,154.84,-0.0116175156389632,0,-0.008012110938218187
2024-01-04,155.42,0.0037458021183156,0,-0.003428398961065504
2024-01-05,156.47,0.0067558872731952,0,0.0018214042728352808
2024-01-08,158.27,0.0115038026458746,0,0.01411895947185915
2024-01-09,157.26,-0.0063814999684085,0,-0.0014778893892160028
2024-01-10,156.71,-0.0034973928526006,0,0.005665918919543822
2024-01-11,155.69,-0.006508837980984,0,-0.0006752434430308263
2024-01-12,152.91,-0.0178559958892671,0,0.0007551937877467996
2024-01-16,152.95,0.0002615917860178,0,-0.003731312084016225
2024-01-17,153.47,0.0033998038574698,0,-0.005616881277551888
2024-01-18,155.62,0.0140092526226625,0,0.008805246432957325
2024-01-19,154.96,-0.0042411001156663,0,0.012313452347336717
2024-01-22,157.25,0.0147780072276715,0,0.002194296482100455
2024-01-23,157.32,0.0004451510333862,0,0.002921384451719966
2024-01-24,157.32,0.0,0,0.0008078756570413237
2024-01-25,157.77,0.0028604118993136,0,0.005264411918151968
2024-01-26,156.67,-0.0069721746846677,0,-0.0006558824070271863
2024-01-29,159.23,0.0163400778706837,0,0.007560887842059438
2024-01-30,159.39,0.0010048357721534,0,-0.0006047151548110863
2024-01-31,158.21,-0.007403224794529,0,-0.016101653617491385
2024-02-01,162.74,0.0286328297831994,0,0.012489526710499854
2024-02-02,162.05,-0.0042398918520338,0,0.010688560142513959
2024-02-05,160.09,-0.0120950323974082,0,-0.0031863704014424288
2024-02-06,161.46,0.0085576863014553,0,0.002310421985829869
2024-02-07,161.58,0.0007432181345226,0,0.008237388580286886
2024-02-08,163.66,0.0128728803069686,0,0.0005745688231348911
2024-02-09,163.16,-0.0030551142612733,0,0.005742388833754886
2024-02-12,160.91,-0.0137901446432949,0,-0.0009529266186821816
2024-02-13,157.93,-0.0185196693803989,0,-0.013674298014867081
2024-02-14,156.82,-0.0070284303172292,0,0.009583780859087954
2024-02-15,158.02,0.0076520851932153,0,0.005817267024355033
2024-02-16,158.1,0.0005062650297429,0,-0.004803448303285274
2024-02-20,160.87,0.0175205566097407,0,-0.00600132652490426
2024-02-21,161.97,0.0068378193572449,0,0.0012641894716531876
2024-02-22,163.94,0.0121627461875655,0,0.02111883030464834
2024-02-23,164.96,0.0062217884591924,0,0.0003479443760785461
2024-02-26,164.99,0.0001818622696412,0,-0.0037828246007400868
2024-02-27,164.98,-6.060973392341129e-05,0,0.0017023240767406467
2024-02-28,165.87,0.0053945932840344,0,-0.001654139187935777
2024-02-29,166.12,0.0015072044372097,0,0.0052290340587441975
2024-03-01,166.69,0.0034312545148085,0,0.008003877337979803
2024-03-04,169.38,0.0161377407162996,0,-0.0011932872240402181
2024-03-05,169.73,0.0020663596646592,0,-0.01019306403894793
2024-03-06,171.17,0.0084840629234665,0,0.0051450782099145
2024-03-07,168.54,-0.0153648419699713,0,0.010300170232939054
2024-03-08,166.96,-0.0093746291681499,0,-0.006528546637323496
2024-03-11,167.2,0.0014374700527071,0,-0.0011222402648096708
2024-03-12,167.69,0.0029306220095695,0,0.01120570230542417
2024-03-13,169.88,0.0130598127497167,0,-0.0019283980770121723
2024-03-14,167.16,-0.0160113020955968,0,-0.002871082028149341
2024-03-15,167.34,0.0010768126346016,0,-0.006479020361248589
2024-03-18,168.23,0.0053185132066451,0,0.006318031697641224
2024-03-19,169.41,0.0070142067407716,0,0.005649168937144511
2024-03-20,169.89,0.0028333628475296,0,0.008904088426809231
2024-03-21,158.86,-0.0649243628230029,1,0.0032365928304971536
2024-03-22,160.68,0.0114566284779049,0,-0.0014060753137437043
2024-03-25,158.33,-0.0146253422952451,0,-0.00305492561380305
2024-03-26,159.11,0.0049264195035685,0,-0.0027998267595216175
2024-03-27,162.49,0.0212431651059015,0,0.008630613213620686
2024-03-28,162.66,0.001046218228814,0,0.0011165137335000797
2024-04-01,162.75,0.00055330136481,0,-0.0020097671639064396
2024-04-02,159.58,-0.0194777265745006,0,-0.007242866786936086
2024-04-03,158.6,-0.0061411204411581,0,0.0010910907065195818
2024-04-04,154.25,-0.0274274905422445,0,-0.012334308104415603
2024-04-05,152.15,-0.0136142625607779,0,0.011103124028598144
2024-04-08,153.7,0.0101873151495233,0,-0.00037852949936112434
2024-04-09,155.35,0.0107351984385166,0,0.0014493366497640991
2024-04-10,152.98,-0.0152558738332797,0,-0.009456959032000611
2024-04-11,152.11,-0.0056870179108378,0,0.007440923139527156
2024-04-12,150.18,-0.0126881861810532,0,-0.014550735230474898
2024-04-15,151.18,0.0066586762551603,0,-0.012021313971190883
2024-04-16,151.25,0.0004630242095515,0,-0.0020565766000700814
2024-04-17,150.11,-0.0075371900826445,0,-0.005776616383576738
2024-04-18,149.44,-0.0044633935114251,0,-0.002212169120428875
2024-04-19,149.65,0.0014052462526767,0,-0.008754547395686818
2024-04-22,151.66,0.0134313397928498,0,0.008727180486547859
2024-04-23,152.98,0.0087036792826058,0,0.011968650398456182
2024-04-24,153.68,0.0045757615374559,0,0.00020904988798076118
2024-04-25,153.61,-0.0004554919312856,0,-0.004576446973550863
2024-04-26,153.18,-0.0027992969207734,0,0.010209154961661193
2024-04-29,152.58,-0.0039169604386994,0,0.00317846253394638
2024-04-30,150.54,-0.0133700353912702,0,-0.015726638729046782
2024-05-01,148.32,-0.014746911119968,0,-0.00343547073892414
2024-05-02,145.09,-0.0217772384034519,0,0.009124422126574272
2024-05-03,146.46,0.0094424150527259,0,0.012560745153716635
2024-05-06,144.72,-0.0118803768947153,0,0.010322165451070564
2024-05-07,144.28,-0.0030403537866223,0,0.0013473004769599672
2024-05-08,145.21,0.0064457998336568,0,-9.638164045422393e-06
2024-05-09,144.17,-0.0071620411817369,0,0.005090927315976712
2024-05-10,145.47,0.0090171325518486,0,0.001653219078378232
2024-05-13,146.27,0.0054994156870833,0,-0.00024508442967130506
2024-05-14,146.15,-0.0008204006289738,0,0.004841604087784779
2024-05-15,148.94,0.0190899760520013,0,0.011712146134039036
2024-05-16,148.59,-0.0023499395729823,0,-0.0020817084703870226
2024-05-17,151.12,0.0170267178141194,0,0.001164790479300848
2024-05-20,149.13,-0.0131683430386448,0,0.0009164174488898169
2024-05-21,146.89,-0.0150204519546705,0,0.0025055952013142146
2024-05-22,145.93,-0.006535502757165,0,-0.002706044627185933
2024-05-23,144.9,-0.0070581785787706,0,-0.007380789972527002
2024-05-24,144.84,-0.0004140786749482,0,0.006997162030050186
2024-05-28,145.54,0.0048329190831262,0,0.00024883546885678953
2024-05-29,143.25,-0.015734505977738,0,-0.007363320599393486
2024-05-30,145.28,0.0141710296684118,0,-0.0059787809286571125
2024-05-31,147.57,0.0157626651982378,0,0.008027932544738103
2024-06-03,148.31,0.0050145693569154,0,0.0011198484130743314
2024-06-04,147.01,-0.0087654237745263,0,0.0015028173092757058
2024-06-05,147.79,0.0053057615128222,0,0.011847638126375903
2024-06-06,147.3,-0.0033155152581364,0,-0.00020358458285707481
2024-06-07,145.76,-0.0104548540393755,0,-0.0011152728869128214
2024-06-10,144.92,-0.0057628979143797,0,0.00258089613202217
2024-06-11,143.87,-0.0072453767595913,0,0.0027104264677901835
2024-06-12,144.43,0.0038924028636964,0,0.008503695600811767
2024-06-13,144.72,0.002007893097002,0,0.002348266562381074
2024-06-14,145.99,0.0087755666113875,0,-0.00039383482861754526
2024-06-17,150.7,0.0322624837317622,0,0.007664394166738697
2024-06-18,149.12,-0.0104844061048439,0,0.0025177043213893135
2024-06-20,151.4,0.0152896995708153,1,-0.002525961268593946
2024-06-21,150.41,-0.0065389696169089,0,-0.0015621688384772625
2024-06-24,151.24,0.0055182501163486,0,-0.0030615176563376645
2024-06-25,150.22,-0.0067442475535572,0,0.003929969088893204
2024-06-26,149.28,-0.0062574890161096,0,0.001576072945482787
2024-06-27,149.27,-6.6988210075003e-05,0,0.0009072803313672217
2024-06-28,148.49,-0.0052254304280833,0,-0.004083620287148371
2024-07-01,145.55,-0.0197993130850562,0,0.0026755840593062352
2024-07-02,144.02,-0.0105118515973892,0,0.006195320633413104
2024-07-03,142.7,-0.0091653936953202,0,0.005080758465207946
2024-07-05,142.5,-0.0014015416958653,0,0.005452401205704893
2024-07-08,142.08,-0.0029473684210525,0,0.0010166690616466578
2024-07-09,137.66,-0.0311092342342343,0,0.0007375028261971117
2024-07-10,136.84,-0.0059567049251779,0,0.010211638219319807
2024-07-11,138.72,0.01373867290266,0,-0.008762992729751229
2024-07-12,141.01,0.0165080738177623,0,0.005513425432666974
2024-07-15,142.01,0.0070916956244237,0,0.002826186838196687
2024-07-16,144.04,0.0142947679740863,0,0.0063929421918202944
2024-07-17,146.05,0.0139544570952514,0,-0.013927488129079402
2024-07-18,141.61,-0.0304005477576172,0,-0.007819937440500468
2024-07-19,141.6,-7.06164818869981e-05,0,-0.007140306389302742
2024-07-22,142.33,0.0051553672316384,0,0.010792026870166893
2024-07-23,138.96,-0.0236773694934308,0,-0.0015545251958880568
2024-07-24,138.2,-0.005469199769718,0,-0.023152589659361955
2024-07-25,140.65,0.017727930535456,0,-0.005139005586756951
2024-07-26,141.01,0.002559544969783,0,0.011086766075903531
2024-07-29,145.45,0.0314871285724416,0,0.0008169859811799629
2024-07-30,146.83,0.0094877964936406,0,-0.0049601449606940795
2024-07-31,145.0,-0.0124633930395696,0,0.0157897157152187
2024-08-01,144.07,-0.0064137931034483,0,-0.01368997281924711
2024-08-02,142.76,-0.0090928021100853,0,-0.01838547815278624
2024-08-05,139.97,-0.0195432894368169,0,-0.029965117692717702
2024-08-06,142.2,0.0159319854254482,0,0.010354122560418233
2024-08-07,140.61,-0.0111814345991559,0,-0.0077346737811161415
2024-08-08,143.21,0.0184908612474219,0,0.023038709416848935
2024-08-09,141.84,-0.0095663710634732,0,0.004671667324647855
2024-08-12,140.83,-0.0071206993795825,0,4.303771413605162e-05
2024-08-13,142.93,0.0149115955407228,0,0.016851346648254717
2024-08-14,139.58,-0.0234380465962358,0,0.0038200808178947554
2024-08-15,142.98,0.0243587906576872,0,0.0161332306789852
2024-08-16,142.09,-0.0062246468037486,0,0.001993429799700852
2024-08-19,148.36,0.0441269617847843,0,0.009718666393002673
2024-08-20,153.78,0.036532758155837,0,-0.001984579832532196
2024-08-21,154.26,0.0031213421771361,0,0.004239687981833606
2024-08-22,152.54,-0.0111500064825619,0,-0.008929270358167152
2024-08-23,152.71,0.0011144617805167,0,0.011479809357974435
2024-08-26,154.82,0.0138170388317726,0,-0.0031501792496362313
2024-08-27,155.36,0.0034879214571761,0,0.001591639442035886
2024-08-28,155.57,0.0013516992790936,0,-0.005972494529657202
2024-08-29,155.37,-0.0012855949090441,0,-4.291699674008331e-05
2024-08-30,156.75,0.0088820235566711,0,0.010093080231404095
2024-09-03,156.85,0.0006379585326954,0,-0.02115115988803895
2024-09-04,157.94,0.0069493146318138,0,-0.0015988656012385638
2024-09-05,156.55,-0.0088008104343421,0,-0.003018072201852129
2024-09-06,156.04,-0.0032577451293517,0,-0.01726017639940247
2024-09-09,155.33,-0.004550115355037,0,0.011580070371623563
2024-09-10,154.24,-0.0070173179681967,0,0.004472625048893564
2024-09-11,156.05,0.011734958506224,0,0.010665031398245484
2024-09-12,157.11,0.0067926946491509,0,0.007491708887424453
2024-09-13,158.84,0.0110113932913245,0,0.005407675467989037
2024-09-16,158.73,-0.0006925207756233,0,0.0012566632480210949
2024-09-17,160.1,0.0086310086310086,0,0.0002645089364965436
2024-09-18,157.73,-0.0148032479700187,0,-0.0028964055819697965
2024-09-19,170.75,0.0825461231217905,0,0.016980376451741996
2024-09-20,168.67,-0.012181551976574,0,-0.0019444663218782798
2024-09-23,171.21,0.015058990929033,0,0.0028127816727283594
2024-09-24,169.6,-0.0094036563284856,0,0.0025111128986565756
2024-09-25,166.63,-0.0175117924528301,0,-0.001861174196834292
2024-09-26,166.47,-0.0009602112464741,0,0.004035111939841851
2024-09-27,165.24,-0.0073887186880517,0,-0.0012531851789965298
2024-09-30,162.68,-0.0154926167998064,0,0.004240035133213471
2024-10-01,162.67,-6.147037128112487e-05,0,-0.009327564993605209
2024-10-02,161.26,-0.0086678551669022,0,0.00014188770201495338
2024-10-03,160.41,-0.0052709909462979,0,-0.0016813934548257636
2024-10-04,163.38,0.0185150551711239,0,0.00896674532232744
2024-10-07,158.14,-0.032072469090464,0,-0.009586058917834261
2024-10-08,157.72,-0.0026558745415453,0,0.00969288597296658
2024-10-09,157.16,-0.0035505959928988,0,0.007113372305316723
2024-10-10,155.93,-0.007826418936116,0,-0.0020735318237929956
2024-10-11,156.72,0.0050663759379208,0,0.006055321416460702
2024-10-14,156.94,0.001403777437468,0,0.007707599603786086
2024-10-15,160.14,0.0203899579457116,0,-0.007612809862351577
2024-10-16,162.93,0.0174222555264145,0,0.004682515798976716
2024-10-17,164.27,0.0082243908426931,0,-0.00017116019224716617
2024-10-18,164.59,0.0019480124185791,0,0.003971596239309427
2024-10-21,164.04,-0.0033416367944589,0,-0.0018261865950059963
2024-10-22,161.12,-0.0178005364545231,0,-0.00047489139848699846
2024-10-23,162.36,0.0076961271102284,0,-0.00918787460328574
2024-10-24,162.57,0.0012934220251292,0,0.002145778388009889
2024-10-25,159.92,-0.0163006704804085,0,-0.0003029327678588656
2024-10-28,162.2,0.014257128564282,0,0.002651464934376291
2024-10-29,161.94,-0.0016029593094943,0,0.0016141467946306776
2024-10-30,160.21,-0.0106829690008644,0,-0.0033002395030953258
2024-10-31,160.02,-0.0011859434492228,0,-0.018614779674077986
2024-11-01,159.65,-0.0023122109736283,0,0.004096090748478831
2024-11-04,158.77,-0.0055120576260569,0,-0.0028155934653095738
2024-11-05,161.38,0.0164388738426652,0,0.012269197644538155
2024-11-06,170.95,0.0593010286280828,0,0.025292377182561276
2024-11-07,168.48,-0.0144486692015208,0,0.0074312324275640496
2024-11-08,168.44,-0.0002374169040835,0,0.0037568494698723143
2024-11-11,169.25,0.0048088340061742,0,0.0009690552795167395
2024-11-12,167.08,-0.0128212703101919,0,-0.0028893547107813333
2024-11-13,169.68,0.0155614077088819,0,0.00023228609625669527
2024-11-14,168.69,-0.0058345120226308,0,-0.006053072565029294
2024-11-15,166.78,-0.0113225443120517,0,-0.013200182882961542
2024-11-18,164.45,-0.0139705000599592,0,0.00391440100977225
2024-11-19,160.85,-0.0218911523259348,0,0.003963614830299278
2024-11-20,162.59,0.0108175318619831,0,2.5350813000590833e-05
2024-11-21,164.56,0.0121163663201919,0,0.005337055865015428
2024-11-22,167.69,0.0190204180845892,0,0.0034679846016776317
2024-11-25,175.22,0.0449042876736835,0,0.0030237899395744172
2024-11-26,173.85,-0.0078187421527222,0,0.005722035347681231
2024-11-27,174.98,0.0064998561978717,0,-0.0038046113683316563
2024-11-29,176.27,0.0073722711166992,0,0.0056111877013969025
2024-12-02,172.0,-0.0242242015090486,0,0.0024451336866482265
2024-12-03,170.77,-0.0071511627906976,0,0.00045145308360639014
2024-12-04,171.22,0.0026351232652104,0,0.006051369698852893
2024-12-05,171.17,-0.0002920219600515,0,-0.0018697178007648363
2024-12-06,169.75,-0.0082958462347373,0,0.0024987243008345317
2024-12-09,168.64,-0.006539027982327,0,-0.006147500607525336
2024-12-10,168.31,-0.0019568311195444,0,-0.0029638979388189046
2024-12-11,167.83,-0.0028518804586773,0,0.008165835390810283
2024-12-12,164.99,-0.0169218852410176,0,-0.005412397397841717
2024-12-13,166.69,0.0103036547669554,0,-2.8093369138670887e-05
2024-12-16,167.57,0.0052792609034735,0,0.003799321773964248
2024-12-17,165.46,-0.0125917527003639,0,-0.0038639660063185532
2024-12-18,159.87,-0.0337846005076756,0,-0.029489637391333146
2024-12-19,183.44,0.1474322887345969,0,-0.0008685034663507007
2024-12-20,187.59,0.0226232010466638,0,0.010869139110322612
2024-12-23,184.79,-0.0149261687723226,0,0.007290704183555707
2024-12-24,186.65,0.0100654797337518,0,0.011042704483368304
2024-12-26,188.66,0.0107688186445218,0,-0.00040893701211086597
2024-12-27,187.58,-0.0057245839075584,0,-0.011052441541147262
2024-12-30,186.77,-0.0043181575860966,0,-0.010701993853471592
2024-12-31,186.69,-0.0004283343149328,0,-0.004288169021237631
